{"stats":{"minecraft:custom":{"minecraft:interact_with_crafting_table":87,"minecraft:open_barrel":86,"minecraft:bell_ring":3,"minecraft:leave_game":9,"minecraft:time_since_death":14370,"minecraft:sprint_one_cm":1635391,"minecraft:damage_blocked_by_shield":17729,"minecraft:drop":226,"minecraft:play_time":625851,"minecraft:deaths":20,"minecraft:jump":9665,"minecraft:walk_on_water_one_cm":30765,"minecraft:interact_with_furnace":86,"minecraft:interact_with_cartography_table":2,"minecraft:interact_with_loom":2,"minecraft:sleep_in_bed":3,"minecraft:damage_dealt":52134,"minecraft:player_kills":1,"minecraft:crouch_one_cm":125265,"tombstone:undead_killed":128,"minecraft:interact_with_smoker":54,"minecraft:use_cauldron":1,"minecraft:interact_with_smithing_table":7,"minecraft:interact_with_anvil":1,"minecraft:mob_kills":221,"minecraft:fill_cauldron":1,"minecraft:damage_dealt_resisted":3174,"minecraft:climb_one_cm":29292,"minecraft:walk_one_cm":1737939,"minecraft:sneak_time":48538,"minecraft:walk_under_water_one_cm":22245,"minecraft:total_world_time":625851,"tombstone:raider_killed":1,"minecraft:interact_with_stonecutter":7,"minecraft:time_since_rest":14153,"minecraft:damage_taken":35366,"minecraft:damage_absorbed":149,"minecraft:trigger_trapped_chest":3,"minecraft:swim_one_cm":27987,"minecraft:fly_one_cm":1245922,"minecraft:open_chest":371,"minecraft:fall_one_cm":219841},"minecraft:used":{"magistuarmory:rusted_heavymace":6,"minecraft:diamond_hoe":129,"minecraft:shield":308,"minecraft:chest":6,"minecraft:iron_sword":286,"create:tiled_glass":1,"minecraft:rotten_flesh":8,"minecraft:soul_sand":1,"minecraft:jungle_planks":4,"minecraft:carrot":200,"minecraft:tuff":1,"minecraft:glass":20,"born_in_chaos_v1:smoked_flesh":15,"minecraft:lava_bucket":3,"tombstone:tablet_of_cupidity":2,"minecraft:quartz_block":4,"minecraft:stone_bricks":3,"minecraft:item_frame":2,"minecraft:bow":29,"minecraft:furnace":3,"minecraft:cooked_cod":9,"minecraft:gold_block":4,"minecraft:potato":130,"minecraft:golden_boots":1,"minecraft:mossy_stone_bricks":9,"minecraft:end_rod":1,"minecraft:oak_planks":57,"minecraft:stone_pickaxe":74,"minecraft:blackstone":1,"minecraft:wooden_pickaxe":2,"minecraft:chainmail_helmet":1,"minecraft:diamond_axe":78,"minecraft:golden_apple":5,"minecraft:white_wool":1,"minecraft:golden_hoe":4,"minecraft:crossbow":2,"minecraft:shears":2,"minecraft:cobbled_deepslate_stairs":2,"minecraft:deepslate_brick_stairs":2,"minecraft:pumpkin_seeds":11,"scalinghealth:enchanted_heart":1,"minecraft:melon_slice":3,"minecraft:bread":14,"travelersbackpack:pumpkin":1,"tombstone:grave_key":28,"born_in_chaos_v1:smoked_monster_flesh":2,"minecraft:gravel":12,"minecraft:diamond_sword":883,"minecraft:andesite":16,"minecraft:bone_meal":431,"minecraft:experience_bottle":10,"minecraft:iron_bars":4,"minecraft:netherrack":7,"minecraft:oak_door":1,"minecraft:torch":206,"minecraft:dirt":228,"minecraft:spyglass":2,"minecraft:anvil":1,"scalinghealth:heart_crystal":14,"minecraft:chainmail_chestplate":1,"minecraft:granite":6,"minecraft:wooden_axe":47,"minecraft:iron_axe":66,"mutantmonsters:creeper_shard":26,"minecraft:smooth_quartz":7,"evilcraft:flesh_humanoid":1,"minecraft:melon_seeds":7,"minecraft:golden_carrot":3,"tombstone:gift":4,"minecraft:cooked_beef":29,"minecraft:cobbled_deepslate":211,"minecraft:pumpkin":8,"minecraft:quartz_bricks":1,"minecraft:cooked_mutton":10,"minecraft:water_bucket":25,"minecraft:polished_andesite":2,"minecraft:baked_potato":65,"minecraft:stonecutter":1,"ancient_elements:iron_hammer":250,"minecraft:deepslate_bricks":1,"minecraft:cracked_stone_bricks":5,"minecraft:polished_blackstone_bricks":1,"minecraft:glow_item_frame":1,"minecraft:mossy_cobblestone":2,"minecraft:tnt":1,"minecraft:crafting_table":6,"minecraft:white_bed":3,"minecraft:smoker":5,"minecraft:oak_log":1,"minecraft:apple":17,"minecraft:diamond_shovel":183,"minecraft:iron_pickaxe":1417,"minecraft:stone_axe":40,"scalinghealth:medkit":1,"evilcraft:dark_tank":2,"travelersbackpack:standard":9,"minecraft:cobblestone":209,"minecraft:potion":1,"minecraft:cobbled_deepslate_slab":1,"minecraft:porkchop":2,"minecraft:cooked_porkchop":9,"minecraft:bucket":29,"born_in_chaos_v1:wood_splitter_axe":16,"alexsmobs:animal_dictionary":2,"minecraft:splash_potion":2},"minecraft:mined":{"create:deepslate_zinc_ore":2,"minecraft:spruce_planks":11,"orcz:orcamanita":1,"minecraft:white_bed":2,"minecraft:farmland":6,"minecraft:cobbled_deepslate_stairs":4,"minecraft:andesite_stairs":1,"minecraft:sculk_vein":9,"minecraft:red_nether_bricks":1,"biomesoplenty:brimstone":3,"minecraft:brewing_stand":1,"minecraft:carved_pumpkin":1,"minecraft:granite":200,"minecraft:budding_amethyst":1,"minecraft:grass_block":111,"biomesoplenty:flowering_oak_leaves":4,"minecraft:coal_block":1,"minecraft:deepslate_bricks":2,"minecraft:soul_soil":1,"create:tiled_glass":1,"minecraft:spawner":38,"minecraft:polished_blackstone_bricks":3,"minecraft:sculk_catalyst":1,"minecraft:mossy_cobblestone_stairs":8,"minecraft:iron_ore":9,"minecraft:cobbled_deepslate":21,"minecraft:sticky_piston":1,"minecraft:fire":44,"born_in_chaos_v1:black_argillite_brick_stairs":1,"biomesoplenty:lavender":1,"minecraft:pumpkin":26,"minecraft:anvil":1,"minecraft:enchanting_table":2,"biomesoplenty:webbing":10,"minecraft:iron_bars":43,"minecraft:deepslate_brick_stairs":7,"minecraft:polished_granite_stairs":1,"create:veridium":8,"minecraft:quartz_block":35,"minecraft:melon_stem":1,"minecraft:blackstone":6,"minecraft:smoker":5,"minecraft:soul_fire":6,"minecraft:powder_snow":12,"born_in_chaos_v1:infected_deepslate_diamond_ore":1,"minecraft:torch":8,"minecraft:melon":1,"minecraft:calcite":3,"minecraft:polished_andesite_stairs":1,"minecraft:chest":2,"born_in_chaos_v1:black_argillite_column_slab":4,"minecraft:smooth_quartz_slab":1,"minecraft:glass":2,"minecraft:cobblestone":41,"minecraft:oak_planks":8,"minecraft:grindstone":1,"minecraft:wall_torch":10,"ancient_elements:deepslate_steel_ore":1,"minecraft:amethyst_block":5,"minecraft:seagrass":1,"minecraft:chain":1,"minecraft:warped_nylium":2,"evilcraft:dark_ore_deepslate":1,"minecraft:lilac":4,"born_in_chaos_v1:black_argillite_brick":1,"minecraft:stone_brick_stairs":3,"biomesoplenty:clover":4,"minecraft:grass":458,"minecraft:oak_log":37,"minecraft:dirt":77,"minecraft:sand":91,"minecraft:smooth_quartz":9,"minecraft:smooth_basalt":10,"minecraft:attached_pumpkin_stem":1,"minecraft:netherrack":5,"minecraft:deepslate":561,"minecraft:oak_leaves":19,"minecraft:emerald_block":2,"create:zinc_ore":1,"minecraft:light_blue_stained_glass_pane":2,"minecraft:dark_prismarine":1,"minecraft:tuff":77,"minecraft:red_carpet":3,"minecraft:mossy_cobblestone":23,"ancient_elements:lead_ore":1,"minecraft:deepslate_diamond_ore":1,"evilcraft:dark_tank":2,"minecraft:nether_bricks":5,"minecraft:cobbled_deepslate_slab":1,"minecraft:spruce_fence":1,"minecraft:polished_andesite_slab":1,"minecraft:spruce_leaves":1,"biomesoplenty:dead_grass":4,"minecraft:potted_bamboo":1,"minecraft:red_mushroom":1,"minecraft:moss_block":2,"minecraft:large_fern":6,"minecraft:black_glazed_terracotta":2,"minecraft:carrots":109,"minecraft:raw_gold_block":7,"minecraft:andesite":14,"minecraft:gold_block":23,"minecraft:bell":1,"minecraft:polished_deepslate":4,"minecraft:mossy_stone_brick_stairs":6,"minecraft:bookshelf":42,"minecraft:potatoes":98,"minecraft:cobblestone_slab":1,"minecraft:deepslate_iron_ore":9,"minecraft:vine":28,"ancient_elements:palladium_ore":2,"minecraft:stone":224,"minecraft:white_wool":1,"minecraft:red_wool":13,"minecraft:soul_sand":5,"minecraft:polished_granite":2,"minecraft:crafting_table":4,"minecraft:rose_bush":3,"minecraft:sculk_sensor":1,"minecraft:lectern":1,"minecraft:stone_slab":1,"minecraft:tall_grass":39,"minecraft:quartz_bricks":2,"minecraft:deepslate_gold_ore":2,"minecraft:polished_blackstone_brick_stairs":1,"minecraft:sculk":130,"minecraft:coarse_dirt":1,"minecraft:spruce_log":1,"minecraft:birch_leaves":2,"minecraft:black_wool":6,"minecraft:coal_ore":36,"evilcraft:blood_stain":1,"minecraft:flower_pot":1,"minecraft:end_rod":1,"minecraft:sunflower":4,"minecraft:gravel":29,"minecraft:dripstone_block":1,"minecraft:cobweb":6,"minecraft:cracked_stone_bricks":19,"minecraft:polished_andesite":25,"minecraft:stone_bricks":15,"minecraft:mossy_stone_bricks":20,"minecraft:infested_stone":1,"minecraft:fern":2},"minecraft:crafted":{"create:tiled_glass":1,"minecraft:oak_planks":156,"travelersbackpack:crafting_upgrade":1,"minecraft:stone":3,"minecraft:cooked_mutton":10,"minecraft:glass":39,"evilcraft:blood_extractor":3,"minecraft:chest":4,"travelersbackpack:iron_tier_upgrade":1,"minecraft:emerald":18,"minecraft:diamond_axe":1,"minecraft:crafting_table":3,"travelersbackpack:standard":1,"minecraft:wooden_pickaxe":1,"minecraft:baked_potato":145,"minecraft:birch_planks":8,"minecraft:shield":3,"minecraft:stick":12,"born_in_chaos_v1:smoked_flesh":20,"minecraft:iron_ingot":17,"minecraft:gold_ingot":120,"minecraft:shears":1,"evilcraft:dark_spike":16,"minecraft:wooden_sword":1,"minecraft:oak_door":3,"minecraft:coal":9,"minecraft:iron_nugget":1,"minecraft:diamond_hoe":1,"minecraft:furnace":3,"minecraft:bone_meal":442,"travelersbackpack:gold_tier_upgrade":1,"born_in_chaos_v1:smoked_monster_flesh":2,"travelersbackpack:white_sleeping_bag":1,"travelersbackpack:diamond_tier_upgrade":1,"minecraft:cooked_beef":25,"minecraft:cooked_cod":9,"evilcraft:dark_tank":2,"travelersbackpack:backpack_tank":2,"minecraft:bucket":3,"minecraft:air":0,"minecraft:jungle_planks":4,"travelersbackpack:pumpkin":1,"minecraft:wooden_axe":1,"minecraft:black_carpet":12,"minecraft:iron_leggings":1,"minecraft:stonecutter":1,"minecraft:white_bed":1,"minecraft:torch":112},"minecraft:killed_by":{"mutantmonsters:mutant_zombie":3,"minecraft:wither_skeleton":1,"born_in_chaos_v1:nightmare_stalker":1,"minecraft:pillager":1,"mutantmonsters:mutant_creeper":2,"minecraft:zombie":3,"royalvariations:royal_zombie":1,"minecraft:vex":2,"minecraft:player":2,"minecraft:warden":1,"minecraft:skeleton":2,"cave_dweller:cave_dweller":1},"minecraft:broken":{"minecraft:diamond_helmet":1,"minecraft:iron_boots":1,"minecraft:iron_chestplate":1,"magistuarmory:rusted_heavymace":1,"minecraft:iron_sword":1,"minecraft:wooden_axe":1,"minecraft:diamond_chestplate":1,"ancient_elements:iron_hammer":1,"minecraft:diamond_leggings":1,"minecraft:shield":3,"minecraft:iron_helmet":1},"minecraft:killed":{"minecraft:cave_spider":7,"alexsmobs:lobster":3,"graveyard:skeleton_creeper":1,"minecraft:witch":1,"born_in_chaos_v1:restless_spirit":1,"born_in_chaos_v1:zombie_lumberjack":5,"born_in_chaos_v1:skeleton_demoman":1,"born_in_chaos_v1:door_knight_not_despawn":1,"minecraft:spider":9,"minecraft:skeleton":36,"minecraft:silverfish":2,"minecraft:pig":1,"born_in_chaos_v1:diamond_termite":4,"minecraft:creeper":2,"minecraft:sheep":8,"minecraft:zombie":44,"born_in_chaos_v1:dread_hound":3,"born_in_chaos_v1:corpse_fly":17,"minecraft:stray":11,"cave_dweller:cave_dweller":1,"born_in_chaos_v1:door_knight":2,"orcz:orcsavage_2sword":1,"minecraft:cow":8,"graveyard:revenant":1,"born_in_chaos_v1:zombie_bruiser":3,"born_in_chaos_v1:maggot":18,"alexsmobs:bison":2,"born_in_chaos_v1:bone_imp_minion":2,"born_in_chaos_v1:baby_skeleton":2,"born_in_chaos_v1:decrepit_skeleton":9,"royalvariations:royal_zombie":3,"mutantmonsters:creeper_minion":1,"born_in_chaos_v1:dark_vortex":1,"born_in_chaos_v1:nightmare_stalker":1,"minecraft:wither_skeleton":7},"minecraft:picked_up":{"minecraft:black_carpet":4,"minecraft:chainmail_boots":2,"minecraft:flower_pot":1,"minecraft:anvil":1,"minecraft:diamond_sword":2,"minecraft:enchanted_book":3,"minecraft:stone_brick_stairs":2,"minecraft:brewing_stand":1,"ancient_elements:raw_palladium":2,"minecraft:string":13,"minecraft:red_nether_bricks":1,"minecraft:bucket":3,"minecraft:cobbled_deepslate":788,"bosses_of_mass_destruction:soul_star":2,"minecraft:black_glazed_terracotta":2,"minecraft:spruce_planks":2,"minecraft:calcite":1,"minecraft:smooth_quartz":7,"minecraft:iron_pickaxe":2,"minecraft:melon_slice":3,"minecraft:coal_block":1,"minecraft:tipped_arrow":4,"minecraft:golden_helmet":1,"minecraft:stick":1,"minecraft:torch":71,"minecraft:acacia_log":3,"magistuarmory:rusted_heavymace":1,"minecraft:porkchop":3,"tombstone:grave_dust":14,"travelersbackpack:crafting_upgrade":1,"minecraft:quartz_block":8,"minecraft:rotten_flesh":87,"minecraft:carved_pumpkin":1,"minecraft:end_rod":1,"evilcraft:condensed_blood":173,"endrem:rogue_eye":1,"minecraft:deepslate_brick_stairs":2,"minecraft:iron_bars":32,"alexsmobs:lobster_tail":1,"minecraft:cobblestone":305,"minecraft:birch_log":2,"minecraft:enchanting_table":2,"minecraft:cooked_beef":2,"orcz:orcteeth":3,"magistuarmory:rustedchainmail_boots":3,"minecraft:andesite":16,"minecraft:water_bucket":3,"minecraft:jungle_log":1,"minecraft:golden_leggings":2,"minecraft:smoker":5,"minecraft:potato":379,"alexsmobs:bison_fur":1,"ancient_elements:raw_lead":2,"minecraft:flint":4,"minecraft:tuff":61,"create:raw_zinc":3,"evilcraft:flesh_humanoid":1,"minecraft:dirt":240,"born_in_chaos_v1:monster_skin":3,"minecraft:glass":5,"minecraft:bone":125,"minecraft:bow":6,"minecraft:wheat_seeds":70,"minecraft:cobbled_deepslate_slab":1,"minecraft:bell":1,"minecraft:mossy_stone_bricks":16,"minecraft:bamboo":1,"minecraft:oak_planks":51,"minecraft:mossy_stone_brick_stairs":8,"minecraft:poisonous_potato":2,"minecraft:sand":84,"scalinghealth:enchanted_heart":1,"minecraft:spectral_arrow":1,"create:tiled_glass":2,"minecraft:mossy_cobblestone":10,"minecraft:dark_prismarine":1,"minecraft:bundle":1,"minecraft:quartz_bricks":1,"minecraft:polished_andesite":2,"minecraft:diamond":13,"evilcraft:broom":3,"magistuarmory:corruptedroundshield":2,"minecraft:granite":321,"minecraft:bone_meal":11,"minecraft:golden_apple":9,"minecraft:bread":13,"minecraft:oak_sapling":2,"minecraft:netherrack":7,"minecraft:diamond_pickaxe":1,"minecraft:crafting_table":5,"born_in_chaos_v1:diamond_termite_shard":5,"artifacts:night_vision_goggles":1,"minecraft:gold_block":23,"minecraft:chain":3,"minecraft:shield":2,"minecraft:item_frame":2,"minecraft:blackstone":2,"minecraft:cracked_stone_bricks":7,"minecraft:netherite_sword":1,"minecraft:beef":34,"minecraft:lectern":1,"minecraft:chest":3,"minecraft:diamond_hoe":2,"minecraft:raw_iron":19,"minecraft:raw_gold_block":7,"minecraft:glow_item_frame":1,"magistuarmory:rustedbarbute":1,"minecraft:polished_blackstone_bricks":1,"born_in_chaos_v1:pieceofdarkmetal":2,"minecraft:carrot":380,"mutantmonsters:creeper_shard":4,"minecraft:polished_granite_stairs":1,"minecraft:arrow":59,"minecraft:diamond_chestplate":2,"born_in_chaos_v1:wood_splitter_axe":1,"minecraft:nether_bricks":1,"minecraft:shears":1,"minecraft:deepslate_bricks":1,"tombstone:essence_of_undeath":1,"minecraft:saddle":1,"minecraft:totem_of_undying":1,"minecraft:gold_ingot":16,"minecraft:mutton":9,"minecraft:white_wool":8,"born_in_chaos_v1:corpse_maggot":21,"minecraft:golden_carrot":3,"born_in_chaos_v1:monster_flesh":2,"minecraft:leather":12,"ancient_elements:iron_hammer":2,"minecraft:oak_log":40,"minecraft:chainmail_chestplate":1,"minecraft:cobbled_deepslate_stairs":2,"minecraft:gunpowder":1,"scalinghealth:heart_crystal":13,"scalinghealth:medkit":1,"minecraft:cooked_mutton":12,"minecraft:red_carpet":4,"minecraft:stone_bricks":9,"magistuarmory:steel_flamebladedsword":1,"minecraft:iron_ingot":14,"scalinghealth:power_crystal_shard":2,"tombstone:bag_of_seeds":1,"minecraft:glass_bottle":2,"minecraft:iron_sword":2,"travelersbackpack:blank_upgrade":4,"minecraft:soul_sand":3,"minecraft:green_dye":1,"minecraft:book":120,"endrem:witch_pupil":1,"minecraft:emerald_block":2,"minecraft:pumpkin":20,"minecraft:red_wool":11,"minecraft:gravel":27,"born_in_chaos_v1:dark_rod":5,"minecraft:white_bed":2,"minecraft:spruce_log":2,"magistuarmory:rustedchainmail_leggings":1,"minecraft:spider_eye":3,"travelersbackpack:standard":2,"evilcraft:dark_tank":2,"minecraft:diamond_shovel":2,"minecraft:pumpkin_seeds":10,"evilcraft:dark_gem":15,"minecraft:gray_wool":1,"minecraft:warped_roots":1,"minecraft:melon_seeds":4,"tombstone:magic_scroll":1,"minecraft:black_wool":9,"minecraft:smooth_quartz_slab":2,"minecraft:coal":67,"minecraft:wooden_axe":2},"minecraft:dropped":{"minecraft:iron_sword":1,"minecraft:porkchop":1,"minecraft:orange_dye":1,"minecraft:cooked_beef":11,"minecraft:baked_potato":41,"minecraft:glass_bottle":2,"minecraft:crossbow":1,"mutantmonsters:creeper_shard":2,"minecraft:mossy_stone_brick_stairs":2,"minecraft:saddle":2,"born_in_chaos_v1:pieceofdarkmetal":1,"travelersbackpack:standard":1,"alexsmobs:bison_fur":1,"artifacts:night_vision_goggles":1,"minecraft:dirt":37,"tombstone:bag_of_seeds":1,"born_in_chaos_v1:monster_skin":2,"evilcraft:broom":2,"minecraft:chain":2,"minecraft:bone_meal":10,"minecraft:iron_pickaxe":3,"minecraft:white_wool":1,"minecraft:gold_ingot":5,"minecraft:bone":53,"minecraft:gravel":1,"minecraft:spyglass":1,"minecraft:cobbled_deepslate":198,"minecraft:netherite_sword":1,"tombstone:gift":1,"minecraft:rotten_flesh":39,"born_in_chaos_v1:smoked_flesh":5,"minecraft:oak_planks":41,"minecraft:diamond_shovel":2,"minecraft:cooked_mutton":12,"evilcraft:flesh_humanoid":2,"minecraft:carrot":46,"minecraft:chainmail_chestplate":1,"minecraft:black_glazed_terracotta":1,"bosses_of_mass_destruction:soul_star":1,"minecraft:melon_seeds":2,"born_in_chaos_v1:corpse_maggot":14,"born_in_chaos_v1:diamond_termite_shard":4,"minecraft:chainmail_boots":1,"magistuarmory:rustedchainmail_chestplate":1,"minecraft:iron_bars":2,"born_in_chaos_v1:dark_rod":3,"minecraft:lectern":1,"minecraft:enchanted_book":4,"minecraft:golden_boots":1,"minecraft:iron_ingot":9,"minecraft:bread":1,"minecraft:wheat_seeds":51,"minecraft:golden_helmet":1,"evilcraft:condensed_blood":102,"minecraft:poisonous_potato":1,"minecraft:iron_helmet":1,"minecraft:cobblestone":52,"minecraft:spectral_arrow":8,"minecraft:apple":4,"minecraft:granite":62,"minecraft:acacia_log":1,"minecraft:chainmail_helmet":2,"minecraft:golden_apple":8,"minecraft:stick":10,"minecraft:cobweb":1,"minecraft:gray_wool":1,"minecraft:golden_carrot":3,"minecraft:torch":39,"minecraft:green_dye":1,"minecraft:wooden_axe":2,"minecraft:potion":2,"tombstone:grave_dust":2,"minecraft:smooth_quartz_slab":1,"minecraft:string":5,"minecraft:bucket":3,"create:raw_zinc":2,"minecraft:diamond_hoe":1,"minecraft:totem_of_undying":1,"minecraft:shears":1,"minecraft:diamond_sword":2,"minecraft:shield":3,"alexsmobs:lobster_tail":1,"minecraft:bundle":1,"minecraft:diamond_pickaxe":1,"travelersbackpack:crafting_upgrade":1,"minecraft:mossy_stone_bricks":2,"minecraft:golden_leggings":1,"tombstone:essence_of_undeath":1,"minecraft:spider_eye":1,"minecraft:bamboo":1,"minecraft:bow":3,"minecraft:calcite":1,"create:tiled_glass":1,"minecraft:black_wool":1}},"DataVersion":3120}