{"stats":{"minecraft:killed":{"alexsmobs:lobster":1,"minecraft:cave_spider":28,"ancient_elements:cerulean_crystal_slime":1,"born_in_chaos_v1:zombie_lumberjack":4,"born_in_chaos_v1:restless_spirit":1,"born_in_chaos_v1:skeleton_demoman":1,"born_in_chaos_v1:door_knight_not_despawn":1,"born_in_chaos_v1:siamese_skeletonsright":2,"minecraft:skeleton":64,"minecraft:chicken":8,"born_in_chaos_v1:skeleton_thrasher":1,"alexsmobs:straddler":7,"alexsmobs:centipede_head":2,"born_in_chaos_v1:supreme_bonescaller_stage_2":1,"minecraft:magma_cube":22,"minecraft:pillager":20,"minecraft:zombie":49,"born_in_chaos_v1:corpse_fly":15,"mutantmonsters:mutant_creeper":2,"born_in_chaos_v1:door_knight":1,"minecraft:cow":23,"mowziesmobs:naga":1,"minecraft:evoker":4,"minecraft:vindicator":23,"born_in_chaos_v1:thornshell_crab":2,"ancient_elements:undead_miner":1,"graveyard:ghoul":1,"born_in_chaos_v1:bone_imp_minion":5,"ancient_elements:stone_golem":1,"born_in_chaos_v1:decrepit_skeleton":8,"royalvariations:royal_zombie":4,"ancient_elements:nocturnal_crystal_slime":1,"mutantmonsters:creeper_minion":1,"minecraft:enderman":7,"born_in_chaos_v1:zombie_clown":2,"evilcraft:netherfish":24,"minecraft:zombified_piglin":2,"graveyard:skeleton_creeper":1,"minecraft:spider":13,"born_in_chaos_v1:scarlet_persecutor":3,"graveyard:reaper":1,"minecraft:silverfish":5,"minecraft:illusioner":7,"artifacts:mimic":3,"minecraft:pig":3,"alexsmobs:grizzly_bear":1,"minecraft:zombie_villager":6,"alexsmobs:stradpole":1,"minecraft:creeper":3,"alexsmobs:crimson_mosquito":1,"minecraft:sheep":5,"born_in_chaos_v1:dread_hound":2,"minecraft:stray":9,"cave_dweller:cave_dweller":2,"born_in_chaos_v1:siamese_skeletonsleft":2,"minecraft:vex":2,"born_in_chaos_v1:missioner":1,"alexsmobs:tasmanian_devil":1,"born_in_chaos_v1:zombie_bruiser":4,"born_in_chaos_v1:maggot":20,"alexsmobs:bison":1,"born_in_chaos_v1:siamese_skeletons":1,"born_in_chaos_v1:fallen_chaos_knight":1,"born_in_chaos_v1:baby_skeleton":9,"born_in_chaos_v1:swarmer":1,"minecraft:hoglin":5,"minecraft:wither_skeleton":7},"minecraft:dropped":{"minecraft:iron_sword":3,"minecraft:porkchop":2,"minecraft:cooked_beef":16,"minecraft:glass_bottle":1,"minecraft:diamond":27,"minecraft:crafting_table":1,"mutantmonsters:creeper_shard":1,"minecraft:saddle":1,"graveyard:corruption":1,"minecraft:leather_helmet":1,"evilcraft:broom":6,"minecraft:gold_nugget":1,"minecraft:iron_pickaxe":1,"minecraft:bone":4,"minecraft:cobbled_deepslate":827,"minecraft:netherite_sword":1,"minecraft:rotten_flesh":5,"bosses_of_mass_destruction:soul_star":1,"minecraft:tipped_arrow":1,"minecraft:cobblestone":16,"minecraft:iron_helmet":1,"ancient_elements:iron_hammer":2,"minecraft:golden_apple":2,"minecraft:wooden_axe":1,"travelersbackpack:blank_upgrade":5,"minecraft:diamond_helmet":1,"evilcraft:blood_pearl_of_teleportation":2,"minecraft:iron_boots":1,"minecraft:diamond_sword":2,"minecraft:diamond_pickaxe":1,"minecraft:bow":4,"biomesoplenty:umbran_planks":1,"minecraft:leather":11,"travelersbackpack:standard":2,"artifacts:night_vision_goggles":1,"minecraft:spyglass":1,"minecraft:diamond_shovel":2,"minecraft:chiseled_stone_bricks":1,"born_in_chaos_v1:corpse_maggot":1,"minecraft:glowstone":7,"minecraft:chest":2,"minecraft:arrow":4,"minecraft:quartz":87,"minecraft:bread":146,"born_in_chaos_v1:wood_splitter_axe":2,"minecraft:golden_helmet":1,"minecraft:mossy_cobblestone":1,"minecraft:diamond_leggings":1,"evilcraft:dark_gem":6,"minecraft:iron_block":64,"minecraft:torch":8,"scalinghealth:heart_crystal":1,"tombstone:grave_dust":1,"minecraft:iron_leggings":3,"minecraft:deepslate_bricks":60,"minecraft:shield":3,"minecraft:diamond_chestplate":2,"minecraft:iron_chestplate":1,"travelersbackpack:crafting_upgrade":1,"minecraft:golden_leggings":1,"minecraft:slime_ball":2,"scalinghealth:enchanted_heart":1},"minecraft:used":{"minecraft:spruce_slab":32,"evilcraft:blood_chest":1,"minecraft:chest":29,"minecraft:stone":33,"minecraft:rotten_flesh":22,"biomesoplenty:umbran_log":1,"born_in_chaos_v1:smoked_flesh":14,"ancient_elements:nether_steel_sword":23,"minecraft:bow":107,"minecraft:furnace":4,"minecraft:cooked_cod":5,"minecraft:egg":1,"minecraft:mossy_stone_bricks":1,"minecraft:blackstone":36,"minecraft:wooden_pickaxe":21,"minecraft:golden_apple":19,"minecraft:sand":1,"minecraft:purple_terracotta":8,"minecraft:deepslate_tiles":80,"scalinghealth:enchanted_heart":1,"minecraft:diamond_sword":1313,"minecraft:wooden_sword":49,"minecraft:smithing_table":1,"minecraft:carved_pumpkin":1,"tombstone:scroll_of_frost_resistance":1,"minecraft:netherrack":55,"minecraft:torch":117,"minecraft:nether_brick_slab":88,"minecraft:mossy_cobblestone_stairs":1,"minecraft:iron_axe":214,"mutantmonsters:creeper_shard":4,"ancient_elements:nocturnal_crystal_block":1,"minecraft:totem_of_undying":4,"minecraft:barrel":4,"minecraft:diamond_chestplate":1,"minecraft:glowstone":10,"minecraft:magenta_terracotta":18,"tombstone:gift":16,"minecraft:cobbled_deepslate":778,"minecraft:deepslate_bricks":108,"minecraft:polished_blackstone_bricks":2,"minecraft:cracked_stone_bricks":1,"minecraft:tnt":11,"minecraft:crafting_table":14,"minecraft:red_bed":5,"minecraft:white_bed":2,"ancient_elements:raw_tin_block":4,"minecraft:oak_log":1,"minecraft:diamond_pickaxe":681,"minecraft:diamond_shovel":176,"minecraft:iron_pickaxe":819,"ancient_elements:selenite_crystal_block":1,"ancient_elements:nether_steel_pickaxe":9,"scalinghealth:medkit":1,"minecraft:cobblestone":74,"minecraft:potion":8,"travelersbackpack:standard":2,"minecraft:porkchop":4,"minecraft:cooked_porkchop":17,"minecraft:iron_shovel":194,"minecraft:polished_deepslate":74,"born_in_chaos_v1:intoxicating_decoction":1,"minecraft:shield":36,"magistuarmory:rustednorman_helmet":1,"minecraft:iron_sword":526,"create:cut_deepslate_bricks":12,"minecraft:nether_bricks":45,"minecraft:carrot":105,"minecraft:tuff":2,"minecraft:obsidian":13,"neapolitan:chocolate_spider_eye":1,"minecraft:cyan_terracotta":2,"biomesoplenty:cherry_planks":1,"minecraft:stone_bricks":5,"minecraft:item_frame":3,"travelersbackpack:spider":6,"minecraft:oak_planks":12,"minecraft:ender_pearl":4,"minecraft:blue_bed":1,"minecraft:black_banner":5,"minecraft:crossbow":3,"minecraft:black_bed":5,"minecraft:cobbled_deepslate_stairs":55,"minecraft:sticky_piston":1,"minecraft:melon_slice":2,"minecraft:bread":170,"minecraft:deepslate":8,"tombstone:grave_key":24,"minecraft:gravel":37,"minecraft:golden_helmet":1,"tombstone:familiar_stone":4,"minecraft:grindstone":1,"minecraft:coarse_dirt":1,"minecraft:golden_pickaxe":45,"minecraft:experience_bottle":10,"minecraft:netherite_sword":448,"minecraft:flint_and_steel":30,"minecraft:spruce_planks":31,"minecraft:cooked_chicken":8,"minecraft:dirt":249,"minecraft:spyglass":5,"scalinghealth:heart_crystal":30,"minecraft:diamond_helmet":1,"minecraft:wooden_axe":8,"minecraft:iron_boots":1,"scalinghealth:power_crystal":2,"evilcraft:flesh_humanoid":1,"minecraft:golden_carrot":18,"minecraft:netherite_pickaxe":3,"minecraft:cooked_beef":50,"minecraft:enchanted_golden_apple":1,"minecraft:cooked_mutton":5,"tombstone:scroll_of_knowledge":1,"minecraft:baked_potato":60,"evilcraft:blood_infuser":1,"ancient_elements:iron_hammer":1183,"minecraft:glow_item_frame":2,"minecraft:lime_bed":3,"tombstone:bag_of_seeds":4,"minecraft:apple":1,"minecraft:cobbled_deepslate_slab":135,"born_in_chaos_v1:wood_splitter_axe":7},"minecraft:crafted":{"travelersbackpack:crafting_upgrade":1,"evilcraft:hardened_blood_shard":63,"minecraft:cooked_mutton":5,"minecraft:glass":63,"minecraft:diamond_helmet":1,"minecraft:diamond_leggings":1,"evilcraft:blood_extractor":5,"ancient_elements:nether_steel_helmet":1,"scalinghealth:power_crystal":2,"minecraft:deepslate":31,"minecraft:cooked_porkchop":6,"minecraft:diamond_axe":1,"travelersbackpack:standard":2,"minecraft:smithing_table":1,"mining_helmet:mining_helmet":1,"born_in_chaos_v1:smoked_flesh":9,"minecraft:iron_pickaxe":2,"minecraft:gold_ingot":158,"ancient_elements:nether_steel_pickaxe":1,"minecraft:netherite_ingot":2,"ancient_elements:nether_steel_sword":1,"minecraft:iron_nugget":9,"travelersbackpack:blank_upgrade":8,"minecraft:lantern":1,"travelersbackpack:white_sleeping_bag":1,"minecraft:spruce_slab":36,"minecraft:cobbled_deepslate_stairs":60,"travelersbackpack:spider":1,"minecraft:wheat":752,"ancient_elements:raw_tin_block":4,"minecraft:netherite_pickaxe":1,"evilcraft:dark_tank":4,"minecraft:red_bed":1,"minecraft:deepslate_tiles":1,"minecraft:glowstone":17,"evilcraft:blood_pearl_of_teleportation":1,"minecraft:golden_apple":4,"evilcraft:blood_infuser":1,"minecraft:wooden_axe":1,"minecraft:iron_leggings":1,"ancient_elements:iron_hammer":7,"minecraft:white_bed":2,"biomesoplenty:cherry_planks":16,"ancient_elements:nether_steel_ingot":26,"minecraft:cooked_chicken":5,"minecraft:chest":30,"minecraft:item_frame":1,"travelersbackpack:iron_tier_upgrade":1,"minecraft:arrow":20,"minecraft:crafting_table":10,"minecraft:spruce_planks":228,"minecraft:wooden_pickaxe":1,"minecraft:baked_potato":70,"minecraft:iron_helmet":1,"evilcraft:invigorating_pendant":1,"minecraft:tnt":10,"minecraft:iron_chestplate":1,"minecraft:diamond_pickaxe":2,"minecraft:stick":52,"minecraft:iron_ingot":582,"minecraft:black_bed":1,"evilcraft:dark_spike":16,"minecraft:wooden_sword":1,"minecraft:cobbled_deepslate_slab":132,"minecraft:nether_brick_slab":84,"evilcraft:blood_chest":1,"minecraft:furnace":2,"evilcraft:golden_string":3,"minecraft:flint_and_steel":1,"minecraft:netherite_chestplate":1,"minecraft:leather":2,"minecraft:polished_deepslate":3,"minecraft:iron_axe":1,"minecraft:netherite_scrap":7,"travelersbackpack:diamond_tier_upgrade":1,"minecraft:cooked_beef":42,"biomesoplenty:umbran_planks":8,"minecraft:cooked_cod":5,"ancient_elements:nether_steel_boots":1,"evilcraft:blood_infusion_core":3,"travelersbackpack:backpack_tank":6,"minecraft:iron_sword":2,"scalinghealth:heart_crystal":3,"minecraft:air":0,"minecraft:bread":251,"minecraft:white_wool":5,"minecraft:gold_nugget":9,"minecraft:acacia_planks":4,"minecraft:torch":32,"minecraft:diamond_chestplate":3},"minecraft:broken":{"minecraft:diamond_helmet":1,"minecraft:iron_boots":2,"minecraft:iron_chestplate":1,"mining_helmet:mining_helmet":1,"minecraft:wooden_sword":1,"minecraft:iron_sword":1,"ancient_elements:iron_hammer":4,"minecraft:diamond_leggings":1,"minecraft:iron_axe":1,"minecraft:iron_helmet":4,"magistuarmory:rustednorman_helmet":1,"magistuarmory:rustedhalfarmor_chestplate":1,"minecraft:diamond_chestplate":2},"minecraft:mined":{"minecraft:dark_oak_planks":1,"minecraft:red_nether_brick_slab":1,"biomesoplenty:cherry_log":4,"minecraft:carved_pumpkin":2,"minecraft:obsidian":15,"minecraft:granite":2,"minecraft:acacia_log":1,"minecraft:deepslate_bricks":16,"minecraft:chiseled_stone_bricks":2,"minecraft:spawner":38,"minecraft:polished_blackstone_bricks":1,"minecraft:weeping_vines_plant":1,"minecraft:magma_block":2,"minecraft:cobbled_deepslate":161,"minecraft:fire":111,"minecraft:barrel":4,"minecraft:pumpkin":1,"ancient_elements:tin_ore":47,"minecraft:nether_brick_stairs":1,"minecraft:enchanting_table":1,"minecraft:dirt_path":1,"scalinghealth:deepslate_power_crystal_ore":11,"biomesoplenty:webbing":5,"minecraft:spruce_pressure_plate":1,"minecraft:red_bed":4,"minecraft:soul_fire":6,"minecraft:deepslate_tile_slab":1,"minecraft:powder_snow":74,"minecraft:torch":4,"minecraft:white_stained_glass_pane":2,"minecraft:nether_brick_slab":16,"minecraft:bricks":10,"minecraft:lilac":3,"minecraft:black_bed":4,"minecraft:stone_brick_stairs":1,"minecraft:grass":30,"minecraft:smooth_quartz":15,"minecraft:deepslate":321,"evilcraft:hardened_blood":7,"minecraft:light_blue_stained_glass_pane":2,"minecraft:deepslate_tiles":17,"minecraft:mossy_cobblestone":2,"biomesoplenty:desert_grass":2,"minecraft:nether_bricks":4,"minecraft:cobbled_deepslate_slab":3,"biomesoplenty:dead_grass":4,"minecraft:andesite":18,"minecraft:potatoes":22,"minecraft:vine":20,"bosses_of_mass_destruction:gauntlet_blackstone":1,"ancient_elements:reflectine":1,"minecraft:prismarine_slab":1,"minecraft:tall_grass":6,"minecraft:deepslate_gold_ore":2,"minecraft:diorite":3,"minecraft:coarse_dirt":1,"minecraft:spruce_log":60,"minecraft:gravel":112,"minecraft:cobweb":2,"minecraft:polished_blackstone":1,"minecraft:stone_bricks":7,"minecraft:infested_stone":1,"minecraft:spruce_planks":29,"minecraft:cobbled_deepslate_stairs":7,"minecraft:sculk_vein":2,"minecraft:grass_block":123,"minecraft:white_concrete":1,"minecraft:glowstone":46,"ancient_elements:selenite_crystal_block":2,"minecraft:iron_ore":8,"minecraft:black_carpet":1,"evilcraft:infested_nether_nether_bricks":5,"minecraft:iron_bars":9,"ancient_elements:budding_nocturn":1,"minecraft:spruce_slab":7,"minecraft:quartz_block":27,"minecraft:cyan_terracotta":2,"minecraft:blackstone":22,"minecraft:calcite":1,"minecraft:chest":5,"ancient_elements:deepslate_tin_ore":8,"minecraft:nether_quartz_ore":16,"minecraft:cobblestone":54,"minecraft:wall_torch":15,"ancient_elements:deepslate_steel_ore":3,"evilcraft:dark_ore_deepslate":10,"evilcraft:infested_nether_soul_sand":5,"ancient_elements:nether_steel_ore":39,"minecraft:tnt":2,"biomesoplenty:umbran_log":3,"minecraft:sand":97,"minecraft:dirt":140,"biomesoplenty:umbran_leaves":6,"minecraft:netherrack":1118,"minecraft:ancient_debris":7,"minecraft:oak_leaves":1,"minecraft:nether_gold_ore":4,"minecraft:tuff":17,"ancient_elements:lead_ore":30,"minecraft:deepslate_diamond_ore":32,"minecraft:purple_terracotta":12,"minecraft:spruce_leaves":42,"minecraft:hay_block":84,"minecraft:furnace":1,"minecraft:carrots":20,"evilcraft:dark_ore":1,"minecraft:gold_block":15,"minecraft:polished_deepslate":3,"minecraft:bookshelf":47,"ancient_elements:palladium_ore":9,"biomesoplenty:spider_egg":1,"minecraft:stone":228,"ancient_elements:deepslate_lead_ore":4,"scalinghealth:heart_crystal_ore":1,"minecraft:red_wool":1,"minecraft:basalt":2,"minecraft:crafting_table":6,"ancient_elements:nocturnal_crystal_block":1,"minecraft:stone_slab":1,"biomesoplenty:sprout":6,"minecraft:lapis_ore":5,"minecraft:sculk":6,"minecraft:blue_bed":1,"minecraft:lime_bed":4,"minecraft:magenta_terracotta":25,"minecraft:black_wall_banner":5,"evilcraft:infested_nether_netherrack":29,"minecraft:black_wool":12,"minecraft:coal_ore":12,"evilcraft:blood_stain":1,"ancient_elements:raw_tin_block":4,"minecraft:cracked_stone_bricks":2,"minecraft:mossy_stone_bricks":7},"minecraft:picked_up":{"minecraft:wooden_axe":1,"born_in_chaos_v1:charmof_stealth":1,"minecraft:diamond_sword":1,"minecraft:enchanted_book":2,"minecraft:polished_deepslate":8,"minecraft:polished_blackstone_brick_stairs":5,"minecraft:string":41,"minecraft:diamond_leggings":1,"minecraft:gold_nugget":87,"minecraft:cobbled_deepslate":2800,"bosses_of_mass_destruction:soul_star":3,"minecraft:black_glazed_terracotta":1,"minecraft:spruce_planks":29,"minecraft:melon_slice":9,"neapolitan:strawberry_pips":3,"minecraft:golden_helmet":1,"born_in_chaos_v1:shattered_skull":1,"minecraft:acacia_log":1,"alexsmobs:centipede_leg":1,"minecraft:carved_pumpkin":1,"minecraft:cyan_terracotta":2,"minecraft:iron_bars":19,"alexsmobs:lobster_tail":1,"ancient_elements:raw_tin_block":4,"minecraft:magma_block":2,"minecraft:cooked_beef":13,"minecraft:feather":12,"magistuarmory:rustedchainmail_boots":2,"ancient_elements:raw_lead":56,"minecraft:flint":13,"minecraft:magenta_terracotta":24,"artifacts:shock_pendant":1,"minecraft:diamond_helmet":2,"minecraft:glowstone_dust":122,"biomesoplenty:cherry_log":4,"ancient_elements:topaz_slimeball":2,"minecraft:dark_oak_log":4,"minecraft:barrel":4,"minecraft:bundle":1,"artifacts:crystal_heart":1,"minecraft:granite":5,"minecraft:bread":26,"born_in_chaos_v1:rotten_fish":2,"minecraft:bricks":10,"minecraft:diamond_pickaxe":2,"minecraft:crafting_table":6,"minecraft:coarse_dirt":1,"minecraft:leather_leggings":1,"minecraft:red_bed":3,"born_in_chaos_v1:intoxicating_decoction":3,"minecraft:iron_shovel":1,"minecraft:cracked_stone_bricks":9,"minecraft:netherite_sword":2,"minecraft:beef":43,"born_in_chaos_v1:gnawed_bones":1,"minecraft:spruce_slab":7,"minecraft:chest":6,"minecraft:egg":2,"ancient_elements:raw_steel":16,"ancient_elements:budding_nocturn":1,"minecraft:stone":45,"minecraft:glow_item_frame":5,"magistuarmory:rustedbarbute":1,"alexsmobs:straddlite":1,"evilcraft:hardened_blood":7,"born_in_chaos_v1:pieceofdarkmetal":21,"minecraft:carrot":120,"minecraft:redstone":57,"magistuarmory:gambeson_boots":1,"ancient_elements:cerulean_shard":1,"mutantmonsters:creeper_shard":1,"minecraft:tnt":2,"ancient_elements:reflectine":1,"born_in_chaos_v1:wood_splitter_axe":2,"minecraft:deepslate_bricks":47,"minecraft:hay_block":84,"minecraft:warped_sign":3,"born_in_chaos_v1:spiny_shell":5,"tombstone:essence_of_undeath":3,"minecraft:gold_ingot":2,"minecraft:totem_of_undying":4,"minecraft:polished_blackstone":1,"minecraft:mutton":6,"minecraft:white_wool":4,"minecraft:lime_bed":4,"magistuarmory:rustedhalfarmor_chestplate":1,"born_in_chaos_v1:monster_flesh":2,"royalvariations:spiritual_crown_shard":1,"evilcraft:blood_pearl_of_teleportation":1,"minecraft:oak_log":3,"scalinghealth:bandages":8,"minecraft:ancient_debris":7,"magistuarmory:chainmail_horse_armor":1,"minecraft:blue_bed":1,"minecraft:paper":9,"tombstone:gift":1,"scalinghealth:medkit":1,"minecraft:apple":1,"minecraft:stone_bricks":7,"born_in_chaos_v1:smoked_flesh":5,"ancient_elements:raw_nether_steel":67,"scalinghealth:power_crystal_shard":22,"tombstone:bag_of_seeds":2,"minecraft:glass_bottle":1,"minecraft:iron_sword":2,"biomesoplenty:umbran_log":3,"minecraft:polished_andesite_stairs":1,"minecraft:red_wool":3,"born_in_chaos_v1:ethereal_spirit":9,"born_in_chaos_v1:orbofthe_summoner":1,"minecraft:spyglass":2,"minecraft:gravel":130,"magistuarmory:rustednorman_helmet":2,"orcz:orcamanita":1,"minecraft:spruce_log":58,"magistuarmory:rustedchainmail_leggings":1,"minecraft:leather_helmet":3,"travelersbackpack:standard":1,"minecraft:diamond_shovel":1,"minecraft:slime_ball":4,"minecraft:red_nether_brick_slab":1,"minecraft:baked_potato":41,"minecraft:melon_seeds":4,"minecraft:ender_pearl":5,"minecraft:black_carpet":3,"minecraft:wheat":9,"minecraft:potion":3,"minecraft:stone_brick_stairs":3,"ancient_elements:raw_palladium":13,"evilcraft:ender_tear":1,"minecraft:raw_copper":16,"minecraft:sticky_piston":1,"minecraft:deepslate_tiles":29,"alexsmobs:blood_sac":1,"ancient_elements:nocturnal_crystal_block":1,"minecraft:calcite":1,"minecraft:smooth_quartz":15,"minecraft:iron_pickaxe":1,"minecraft:iron_boots":2,"minecraft:furnace":2,"minecraft:tipped_arrow":6,"minecraft:stick":11,"minecraft:torch":30,"minecraft:porkchop":12,"tombstone:grave_dust":23,"travelersbackpack:crafting_upgrade":1,"minecraft:quartz_block":10,"minecraft:rotten_flesh":128,"minecraft:deepslate_brick_stairs":4,"minecraft:obsidian":15,"minecraft:cobblestone":262,"minecraft:enchanting_table":1,"minecraft:andesite":14,"minecraft:black_bed":4,"minecraft:golden_leggings":1,"minecraft:potato":86,"alexsmobs:bear_fur":2,"minecraft:tuff":319,"ancient_elements:selenite_crystal_block":2,"minecraft:dirt":375,"minecraft:lapis_lazuli":45,"born_in_chaos_v1:monster_skin":2,"minecraft:leather_boots":1,"minecraft:bone":120,"minecraft:bow":9,"minecraft:wheat_seeds":12,"minecraft:raw_gold":23,"minecraft:cobbled_deepslate_slab":4,"minecraft:grindstone":1,"minecraft:mossy_stone_bricks":8,"minecraft:bamboo":1,"minecraft:oak_planks":13,"minecraft:mossy_stone_brick_stairs":5,"minecraft:cooked_porkchop":6,"minecraft:poisonous_potato":1,"evilcraft:dark_gem_crushed":21,"minecraft:sand":97,"minecraft:melon":1,"minecraft:nether_brick_stairs":1,"magistuarmory:rustedgreathelm":1,"minecraft:spectral_arrow":13,"minecraft:mossy_cobblestone":13,"minecraft:diamond":65,"minecraft:cracked_polished_blackstone_bricks":1,"evilcraft:broom":3,"magistuarmory:corruptedroundshield":3,"minecraft:crossbow":2,"minecraft:golden_apple":2,"minecraft:white_concrete":1,"minecraft:emerald":16,"scalinghealth:cursed_heart":1,"minecraft:oak_sapling":1,"minecraft:netherrack":6785,"born_in_chaos_v1:diamond_termite_shard":1,"evilcraft:dark_power_gem":1,"minecraft:chicken":5,"artifacts:night_vision_goggles":2,"minecraft:ladder":2,"minecraft:gold_block":15,"minecraft:shield":6,"ancient_elements:music_disc_luminous":1,"minecraft:iron_axe":1,"minecraft:item_frame":3,"minecraft:blackstone":189,"graveyard:corruption":1,"minecraft:raw_iron":29,"minecraft:polished_blackstone_bricks":9,"ancient_elements:raw_tin":94,"born_in_chaos_v1:charmof_endurance":1,"minecraft:purple_terracotta":12,"minecraft:dark_oak_planks":1,"ancient_elements:nocturnal_shard":1,"minecraft:arrow":98,"magistuarmory:gold_lochaberaxe":1,"minecraft:nether_bricks":18,"minecraft:saddle":2,"minecraft:black_banner":5,"born_in_chaos_v1:fused_bone":3,"born_in_chaos_v1:corpse_maggot":35,"minecraft:prismarine_slab":1,"minecraft:basalt":9,"minecraft:glow_ink_sac":4,"minecraft:leather":36,"minecraft:cobbled_deepslate_stairs":7,"minecraft:gunpowder":34,"scalinghealth:heart_crystal":26,"minecraft:deepslate_tile_slab":1,"minecraft:red_carpet":1,"minecraft:iron_ingot":10,"minecraft:cooked_chicken":3,"ancient_elements:cerulean_slimeball":3,"minecraft:soul_sand":11,"minecraft:book":141,"scalinghealth:heart_crystal_shard":34,"ancient_elements:mining_helmet_helmet":1,"born_in_chaos_v1:death_totem":1,"magistuarmory:rustedchainmail_chestplate":1,"minecraft:pumpkin":1,"minecraft:chiseled_stone_bricks":3,"minecraft:quartz":82,"minecraft:nether_brick_slab":17,"minecraft:spider_eye":21,"magistuarmory:rustedchainmail_helmet":1,"biomesoplenty:bramble":11,"magistuarmory:rusted_bastardsword":1,"evilcraft:dark_gem":74,"minecraft:mossy_cobblestone_stairs":2,"tombstone:magic_scroll":4,"minecraft:black_wool":10,"minecraft:coal":101},"minecraft:killed_by":{"minecraft:magma_cube":1,"mutantmonsters:mutant_creeper":2,"minecraft:vindicator":21,"minecraft:vex":16,"bosses_of_mass_destruction:gauntlet":6,"born_in_chaos_v1:swarmer":1,"minecraft:warden":1,"alexsmobs:centipede_head":1,"mutantmonsters:mutant_zombie":1,"minecraft:wither_skeleton":2,"evilcraft:netherfish":4,"minecraft:cave_spider":6,"royalvariations:royal_zombie":1,"orcz:orcsavageweird":2,"minecraft:player":3,"minecraft:spider":2,"minecraft:hoglin":2,"minecraft:skeleton":1},"minecraft:custom":{"minecraft:interact_with_crafting_table":170,"minecraft:open_barrel":200,"goblintraders:trade_with_goblin":1,"minecraft:bell_ring":1,"minecraft:leave_game":15,"minecraft:time_since_death":27479,"minecraft:damage_blocked_by_shield":1685,"minecraft:play_time":1349231,"minecraft:deaths":78,"minecraft:jump":13829,"minecraft:interact_with_furnace":109,"minecraft:interact_with_cartography_table":4,"minecraft:sleep_in_bed":25,"tombstone:sneak_grave":16,"minecraft:damage_dealt":135058,"tombstone:undead_killed":188,"minecraft:interact_with_smoker":23,"minecraft:inspect_dispenser":2,"minecraft:interact_with_smithing_table":37,"minecraft:sneak_time":54639,"minecraft:interact_with_lectern":1,"minecraft:total_world_time":1349231,"tombstone:raider_killed":54,"minecraft:interact_with_stonecutter":14,"minecraft:time_since_rest":27123,"minecraft:swim_one_cm":28777,"minecraft:fly_one_cm":3170322,"minecraft:open_chest":1137,"minecraft:fall_one_cm":566339,"minecraft:damage_resisted":222,"minecraft:sprint_one_cm":3153171,"minecraft:drop":458,"minecraft:talked_to_villager":1,"minecraft:interact_with_brewingstand":1,"minecraft:walk_on_water_one_cm":41162,"minecraft:player_kills":2,"minecraft:crouch_one_cm":192372,"minecraft:mob_kills":504,"minecraft:damage_dealt_resisted":9614,"minecraft:climb_one_cm":27804,"minecraft:walk_one_cm":2902520,"minecraft:walk_under_water_one_cm":20526,"minecraft:damage_taken":109570,"minecraft:damage_absorbed":1393,"minecraft:trigger_trapped_chest":6}},"DataVersion":3120}