{"stats":{"minecraft:broken":{"minecraft:diamond_helmet":1,"minecraft:diamond_boots":1,"minecraft:iron_pickaxe":1},"minecraft:custom":{"minecraft:interact_with_crafting_table":49,"minecraft:open_barrel":103,"goblintraders:trade_with_goblin":61,"minecraft:bell_ring":4,"minecraft:leave_game":11,"minecraft:time_since_death":13841,"minecraft:sprint_one_cm":460837,"minecraft:drop":67,"minecraft:talked_to_villager":8,"minecraft:play_time":492158,"minecraft:deaths":16,"minecraft:jump":2968,"minecraft:walk_on_water_one_cm":15026,"minecraft:interact_with_furnace":35,"minecraft:sleep_in_bed":1,"tombstone:sneak_grave":2,"minecraft:damage_dealt":58385,"minecraft:crouch_one_cm":28384,"tombstone:undead_killed":114,"minecraft:interact_with_smoker":1,"minecraft:interact_with_smithing_table":4,"minecraft:mob_kills":245,"minecraft:interact_with_anvil":3,"minecraft:damage_dealt_resisted":7984,"minecraft:climb_one_cm":1627,"minecraft:walk_one_cm":698705,"minecraft:damage_dealt_absorbed":5520,"minecraft:sneak_time":12344,"minecraft:walk_under_water_one_cm":126734,"minecraft:interact_with_blast_furnace":13,"minecraft:total_world_time":492158,"minecraft:time_since_rest":13481,"minecraft:damage_taken":22072,"minecraft:trigger_trapped_chest":1,"minecraft:swim_one_cm":1838,"minecraft:fly_one_cm":3673470,"minecraft:open_chest":218,"minecraft:fall_one_cm":174542},"minecraft:dropped":{"minecraft:dark_oak_slab":1,"minecraft:warped_roots":1,"minecraft:leather":3,"minecraft:emerald":98,"minecraft:dirt":26,"evilcraft:broom":1,"magistuarmory:rusted_bastardsword":1,"minecraft:chain":1,"minecraft:gold_nugget":1,"minecraft:sunflower":1,"minecraft:bone":4,"magistuarmory:rustedchainmail_leggings":1,"minecraft:cobbled_deepslate":2,"minecraft:deepslate_brick_slab":1,"minecraft:rotten_flesh":22,"minecraft:beetroot_seeds":4,"minecraft:arrow":3,"minecraft:quartz":3,"minecraft:bread":50,"born_in_chaos_v1:intoxicating_decoction":1,"minecraft:cobbled_deepslate_stairs":1,"minecraft:cobblestone":157,"minecraft:granite":20,"minecraft:coal":10,"minecraft:diamond_horse_armor":1,"born_in_chaos_v1:black_argillite":1,"scalinghealth:heart_crystal":1,"minecraft:torch":26,"minecraft:string":2,"minecraft:cocoa_beans":1,"minecraft:tuff":11,"minecraft:pumpkin_seeds":1,"minecraft:diamond_sword":1,"minecraft:golden_sword":1,"evilcraft:bloody_cobblestone":1,"minecraft:spider_eye":2,"minecraft:stone_bricks":1},"minecraft:used":{"minecraft:chest":9,"minecraft:iron_chestplate":1,"minecraft:nether_bricks":1,"securitycraft:keypad_item":5,"minecraft:carrot":28,"minecraft:glass":1,"minecraft:cyan_terracotta":1,"minecraft:quartz_block":37,"minecraft:dark_oak_wood":1,"minecraft:dark_oak_slab":1,"minecraft:bow":30,"minecraft:furnace":1,"minecraft:gray_bed":2,"minecraft:potato":11,"minecraft:diorite":5,"minecraft:diamond_boots":1,"securitycraft:door_indestructible_iron_item":1,"minecraft:chorus_fruit":4,"biomesoplenty:fir_planks":218,"minecraft:glow_berries":19,"minecraft:sand":7,"securitycraft:universal_block_remover":3,"scalinghealth:enchanted_heart":3,"minecraft:bread":18,"minecraft:stone_button":1,"tombstone:grave_key":13,"minecraft:diamond_sword":1237,"minecraft:coal_block":2,"securitycraft:reinforced_cobbled_deepslate":3,"neapolitan:chocolate_bar":3,"biomesoplenty:brimstone":3,"minecraft:enchanting_table":2,"travelersbackpack:bat":2,"minecraft:netherrack":75,"minecraft:torch":106,"minecraft:dirt":24,"minecraft:anvil":1,"scalinghealth:heart_crystal":13,"tombstone:scroll_of_aquatic_life":1,"minecraft:chipped_anvil":2,"minecraft:iron_axe":2,"evilcraft:box_of_eternal_closure":2,"minecraft:diamond_chestplate":1,"biomesoplenty:orange_sandstone":3,"minecraft:golden_carrot":18,"tombstone:gift":6,"minecraft:cobbled_deepslate":340,"minecraft:baked_potato":10,"scalinghealth:chance_heart":1,"ancient_elements:iron_hammer":12,"minecraft:deepslate_bricks":29,"minecraft:crafting_table":8,"minecraft:white_bed":1,"tombstone:bag_of_seeds":4,"minecraft:diamond_pickaxe":2545,"minecraft:apple":2,"minecraft:diamond_shovel":206,"minecraft:iron_pickaxe":250,"minecraft:cobblestone":99,"minecraft:bucket":2,"minecraft:pumpkin_pie":1,"alexsmobs:animal_dictionary":1,"biomesoplenty:fir_log":2},"minecraft:picked_up":{"securitycraft:keypad_item":1,"minecraft:anvil":3,"minecraft:diamond_sword":2,"minecraft:enchanted_book":11,"minecraft:golden_sword":1,"born_in_chaos_v1:black_argillite":2,"minecraft:string":12,"minecraft:raw_copper":32,"minecraft:red_nether_bricks":1,"biomesoplenty:brimstone":4,"alexsmobs:blood_sac":4,"minecraft:gold_nugget":2,"minecraft:cobbled_deepslate":815,"bosses_of_mass_destruction:soul_star":1,"biomesoplenty:fir_planks":10,"minecraft:spruce_planks":2,"minecraft:coal_block":4,"minecraft:iron_boots":1,"minecraft:stick":2,"minecraft:polished_blackstone_stairs":2,"minecraft:torch":98,"magistuarmory:rusted_heavymace":1,"minecraft:golden_axe":1,"tombstone:grave_dust":9,"minecraft:diorite":26,"minecraft:rotten_flesh":44,"securitycraft:reinforced_cobbled_deepslate":3,"minecraft:cyan_terracotta":10,"minecraft:deepslate_brick_stairs":1,"minecraft:iron_bars":2,"minecraft:cobblestone":891,"minecraft:enchanting_table":2,"orcz:orcteeth":20,"minecraft:andesite":17,"minecraft:potato":7,"biomesoplenty:fir_log":74,"biomesoplenty:fir_sapling":5,"ancient_elements:raw_lead":1,"minecraft:flint":7,"minecraft:tuff":36,"minecraft:magenta_bed":1,"minecraft:gray_concrete":2,"minecraft:lapis_lazuli":38,"minecraft:dirt":214,"minecraft:bone":46,"minecraft:chipped_anvil":2,"evilcraft:bloody_cobblestone":5,"minecraft:bow":1,"minecraft:deepslate_brick_slab":1,"minecraft:oak_planks":2,"biomesoplenty:cherry_log":4,"minecraft:jungle_planks":2,"minecraft:sand":26,"magistuarmory:rustedgreathelm":1,"minecraft:jungle_slab":1,"cataclysm:lionfish":1,"minecraft:bundle":1,"born_in_chaos_v1:fire_dust":4,"minecraft:diamond":89,"evilcraft:broom":1,"minecraft:cracked_polished_blackstone_bricks":1,"minecraft:granite":20,"minecraft:emerald":98,"minecraft:bread":31,"minecraft:netherrack":95,"minecraft:cocoa_beans":4,"minecraft:crafting_table":6,"minecraft:gold_block":2,"minecraft:chain":2,"artifacts:feral_claws":1,"born_in_chaos_v1:intoxicating_decoction":1,"graveyard:corruption":1,"minecraft:chest":5,"minecraft:raw_iron":98,"minecraft:sandstone":1,"minecraft:raw_gold_block":12,"artifacts:charm_of_sinking":1,"alexsmobs:straddlite":1,"artifacts:vampiric_glove":1,"minecraft:polished_blackstone_bricks":2,"magistuarmory:rustedkettlehat":2,"orcz:orchorn":1,"ancient_elements:raw_tin":1,"minecraft:stone_button":1,"minecraft:carrot":34,"minecraft:redstone":33,"minecraft:arrow":47,"minecraft:beetroot_seeds":4,"minecraft:nether_bricks":1,"biomesoplenty:orange_sandstone":3,"minecraft:deepslate_bricks":61,"artifacts:cross_necklace":1,"tombstone:essence_of_undeath":1,"minecraft:polished_blackstone":1,"minecraft:basalt":13,"minecraft:cut_sandstone":2,"ancient_elements:iron_hammer":1,"evilcraft:blood_pearl_of_teleportation":1,"minecraft:oak_log":2,"scalinghealth:bandages":4,"minecraft:ancient_debris":15,"minecraft:cobbled_deepslate_stairs":1,"minecraft:gunpowder":7,"scalinghealth:heart_crystal":12,"alexsmobs:mosquito_proboscis":2,"minecraft:apple":2,"minecraft:stone_bricks":1,"minecraft:iron_ingot":2,"minecraft:cobweb":6,"tombstone:bag_of_seeds":1,"minecraft:gray_bed":2,"minecraft:soul_sand":1,"minecraft:book":83,"scalinghealth:heart_crystal_shard":3,"minecraft:dark_oak_slab":2,"born_in_chaos_v1:ethereal_spirit":8,"minecraft:quartz":90,"minecraft:gravel":29,"minecraft:white_bed":1,"magistuarmory:rustedchainmail_leggings":2,"minecraft:spider_eye":4,"mowziesmobs:naga_fang":1,"minecraft:diamond_shovel":1,"minecraft:pumpkin_seeds":1,"magistuarmory:rusted_bastardsword":2,"minecraft:warped_roots":1,"minecraft:dark_oak_wood":1,"minecraft:coal":90,"minecraft:ender_pearl":2,"minecraft:sunflower":1},"minecraft:crafted":{"minecraft:oak_planks":8,"biomesoplenty:cherry_planks":16,"minecraft:stone":88,"securitycraft:keypad_item":4,"minecraft:heavy_weighted_pressure_plate":4,"securitycraft:laser_block":1,"minecraft:quartz_block":37,"minecraft:glass":8,"minecraft:diamond_helmet":2,"minecraft:diamond_leggings":2,"minecraft:chest":4,"minecraft:iron_door":3,"minecraft:emerald":1,"minecraft:crafting_table":2,"minecraft:copper_ingot":60,"biomesoplenty:fir_planks":228,"minecraft:diamond_pickaxe":2,"minecraft:stick":12,"minecraft:iron_ingot":124,"minecraft:iron_pickaxe":1,"minecraft:shears":1,"securitycraft:universal_block_reinforcer_lvl1":1,"minecraft:coal":9,"minecraft:furnace":1,"minecraft:stone_button":81,"minecraft:glass_pane":16,"securitycraft:universal_block_remover":1,"minecraft:diamond_boots":2,"minecraft:redstone_block":1,"minecraft:netherite_scrap":1,"minecraft:diamond_sword":1,"minecraft:air":0,"securitycraft:door_indestructible_iron_item":1,"minecraft:torch":20,"minecraft:diamond_chestplate":2},"minecraft:killed":{"born_in_chaos_v1:zombie_clown":1,"minecraft:cave_spider":1,"orcz:goblinshield":2,"minecraft:zombified_piglin":4,"born_in_chaos_v1:zombie_lumberjack":2,"born_in_chaos_v1:restless_spirit":6,"born_in_chaos_v1:door_knight_not_despawn":1,"minecraft:spider":22,"royalvariations:royal_skeleton":1,"minecraft:skeleton":40,"graveyard:reaper":1,"alexsmobs:straddler":2,"alexsmobs:skelewag":1,"minecraft:piglin_brute":6,"artifacts:mimic":4,"minecraft:magma_cube":4,"born_in_chaos_v1:bone_imp":2,"orcz:goblinsavagemace":1,"minecraft:creeper":2,"alexsmobs:crimson_mosquito":9,"minecraft:zombie":45,"born_in_chaos_v1:dread_hound":1,"minecraft:ghast":3,"minecraft:stray":2,"orcz:bigorcboss":2,"cave_dweller:cave_dweller":3,"orcz:orcsavage_2sword":2,"orcz:snot":1,"orcz:orcshield":2,"minecraft:blaze":18,"mowziesmobs:naga":2,"graveyard:nightmare":1,"born_in_chaos_v1:zombie_bruiser":3,"born_in_chaos_v1:firelight":2,"born_in_chaos_v1:maggot":17,"orcz:orcsavagemace":2,"minecraft:drowned":4,"cataclysm:lionfish":1,"goblintraders:goblin_trader":1,"cataclysm:deepling_angler":1,"alexsmobs:guster":2,"born_in_chaos_v1:decrepit_skeleton":7,"born_in_chaos_v1:dark_vortex":1,"orcz:goblin_2sword":1,"minecraft:wither_skeleton":1,"minecraft:enderman":2},"minecraft:mined":{"minecraft:dark_oak_planks":1,"create:deepslate_zinc_ore":7,"minecraft:spruce_planks":2,"biomesoplenty:cherry_log":4,"minecraft:white_bed":1,"minecraft:cobbled_deepslate_stairs":1,"minecraft:jungle_slab":1,"minecraft:sculk_vein":1,"minecraft:red_nether_bricks":1,"biomesoplenty:brimstone":6,"biomesoplenty:burning_blossom":1,"minecraft:granite":37,"minecraft:grass_block":60,"minecraft:cracked_polished_blackstone_bricks":1,"minecraft:coal_block":4,"minecraft:deepslate_bricks":2,"biomesoplenty:orange_sandstone":3,"minecraft:chiseled_stone_bricks":1,"minecraft:spawner":27,"minecraft:weeping_vines_plant":1,"minecraft:polished_blackstone_bricks":2,"minecraft:sculk_catalyst":1,"minecraft:barrel":2,"minecraft:cobbled_deepslate":53,"minecraft:iron_ore":79,"minecraft:fire":15,"ancient_elements:tin_ore":2,"minecraft:deepslate_lapis_ore":4,"minecraft:anvil":3,"minecraft:nether_brick_stairs":1,"minecraft:dark_oak_stairs":1,"minecraft:enchanting_table":2,"biomesoplenty:pink_cherry_leaves":10,"minecraft:iron_bars":11,"minecraft:deepslate_brick_stairs":1,"minecraft:deepslate_redstone_ore":7,"minecraft:cut_sandstone":3,"minecraft:cyan_terracotta":14,"minecraft:crimson_nylium":2,"biomesoplenty:brimstone_fumarole":1,"minecraft:torch":21,"minecraft:dark_oak_wood":1,"minecraft:calcite":3,"create:scoria":13,"minecraft:chest":10,"ancient_elements:deepslate_tin_ore":2,"minecraft:cobblestone":27,"minecraft:oak_planks":2,"minecraft:wall_torch":29,"minecraft:amethyst_block":3,"minecraft:deepslate_copper_ore":1,"minecraft:dark_oak_slab":1,"minecraft:magenta_bed":1,"biomesoplenty:fir_log":60,"minecraft:grass":2,"minecraft:oak_log":2,"minecraft:sand":22,"minecraft:dirt":219,"minecraft:ancient_debris":15,"minecraft:raw_copper_block":1,"minecraft:netherrack":93,"minecraft:oak_leaves":7,"minecraft:deepslate":807,"minecraft:diamond_ore":6,"minecraft:crying_obsidian":1,"minecraft:tuff":49,"ancient_elements:lead_ore":3,"minecraft:deepslate_diamond_ore":77,"minecraft:nether_bricks":9,"minecraft:stone_button":1,"minecraft:jungle_planks":2,"born_in_chaos_v1:black_argillite":5,"minecraft:spruce_leaves":9,"minecraft:sandstone":14,"minecraft:deepslate_brick_slab":1,"minecraft:raw_gold_block":12,"minecraft:andesite":75,"minecraft:gold_block":1,"minecraft:bookshelf":28,"minecraft:deepslate_iron_ore":20,"ancient_elements:palladium_ore":2,"biomesoplenty:spider_egg":1,"minecraft:stone":943,"biomesoplenty:porous_flesh":1,"minecraft:gray_concrete":2,"minecraft:basalt":14,"minecraft:crafting_table":6,"biomesoplenty:fir_planks":10,"minecraft:sculk_sensor":7,"minecraft:tall_grass":1,"minecraft:copper_ore":10,"minecraft:lapis_ore":2,"minecraft:sculk":41,"minecraft:diorite":82,"minecraft:polished_blackstone_stairs":2,"minecraft:gray_bed":2,"minecraft:coal_ore":75,"biomesoplenty:fir_leaves":26,"minecraft:gravel":40,"minecraft:cyan_carpet":1,"minecraft:cobweb":9,"evilcraft:bloody_cobblestone":7,"minecraft:polished_blackstone":1,"minecraft:stone_bricks":1,"minecraft:chipped_anvil":2},"minecraft:killed_by":{"minecraft:wither_skeleton":2,"minecraft:cave_spider":4,"minecraft:zombie":1,"ancient_elements:stone_golem":1,"graveyard:ghoul":1,"minecraft:skeleton":1,"alexsmobs:crimson_mosquito":1,"cave_dweller:cave_dweller":1}},"DataVersion":3120}