{"stats":{"minecraft:dropped":{"minecraft:iron_sword":1,"minecraft:chainmail_chestplate":6,"bosses_of_mass_destruction:soul_star":1,"minecraft:chainmail_boots":4,"minecraft:wheat_seeds":5,"minecraft:chainmail_helmet":3,"minecraft:melon_slice":5,"minecraft:smooth_quartz":2,"minecraft:iron_axe":2,"minecraft:stone_sword":1,"minecraft:stone_slab":2,"minecraft:spruce_fence":1,"minecraft:spider_eye":4,"minecraft:stone_pickaxe":1},"minecraft:picked_up":{"minecraft:wheat":30,"minecraft:chainmail_boots":26,"minecraft:flower_pot":1,"minecraft:lead":1,"tombstone:tablet_of_home":1,"minecraft:stone_slab":4,"minecraft:diamond_sword":6,"minecraft:enchanted_book":6,"magistuarmory:barding":2,"minecraft:music_disc_cat":8,"minecraft:string":181,"mutantmonsters:mutant_skeleton_skull":2,"minecraft:iron_leggings":9,"minecraft:experience_bottle":17,"minecraft:beetroot":26,"minecraft:diamond_leggings":1,"minecraft:gold_nugget":335,"bosses_of_mass_destruction:soul_star":3,"minecraft:bucket":13,"minecraft:spruce_planks":96,"minecraft:rose_bush":3,"minecraft:redstone_torch":12,"minecraft:smooth_quartz":104,"alexsmobs:raccoon_tail":2,"minecraft:melon_slice":780,"minecraft:coal_block":96,"minecraft:iron_boots":2,"minecraft:furnace":25,"minecraft:stick":10,"born_in_chaos_v1:shattered_skull":2,"minecraft:jukebox":1,"minecraft:torch":34,"travelersbackpack:iron_tier_upgrade":2,"minecraft:spruce_stairs":1,"minecraft:porkchop":23,"magistuarmory:rusted_heavymace":2,"tombstone:grave_dust":22,"born_in_chaos_v1:nightmare_claw":1,"mutantmonsters:mutant_skeleton_pelvis":1,"minecraft:stone_sword":1,"evilcraft:box_of_eternal_closure":27,"minecraft:rotten_flesh":170,"minecraft:cyan_terracotta":4,"minecraft:carved_pumpkin":42,"evilcraft:condensed_blood":135,"mutantmonsters:mutant_skeleton_shoulder_pad":2,"minecraft:iron_bars":19,"minecraft:cobblestone":163,"biomesoplenty:lavender":1,"minecraft:enchanting_table":2,"minecraft:magma_block":1,"minecraft:lilac":1,"minecraft:feather":10,"minecraft:cooked_beef":16,"minecraft:andesite":2,"minecraft:golden_leggings":2,"minecraft:smoker":2,"minecraft:potato":4,"biomesoplenty:fir_log":5,"alexsmobs:bear_fur":7,"minecraft:flint":1,"minecraft:magenta_terracotta":7,"minecraft:dirt":30,"minecraft:name_tag":29,"born_in_chaos_v1:monster_skin":2,"minecraft:bone":199,"minecraft:chipped_anvil":9,"minecraft:gray_terracotta":2,"minecraft:bow":4,"minecraft:wheat_seeds":10,"minecraft:raw_gold":3,"mutantmonsters:mutant_skeleton_rib_cage":1,"tombstone:scroll_of_reach":1,"minecraft:glowstone_dust":6,"minecraft:diamond_helmet":1,"minecraft:bamboo":6,"biomesoplenty:toadstool":6,"minecraft:cooked_porkchop":2,"minecraft:music_disc_13":8,"minecraft:sand":61,"mutantmonsters:mutant_skeleton_leggings":1,"alexsmobs:animal_dictionary":1,"minecraft:barrel":31,"minecraft:mossy_cobblestone":15,"minecraft:dark_prismarine":1,"tombstone:scroll_of_mercy":1,"travelersbackpack:white_sleeping_bag":3,"minecraft:light_gray_concrete":2,"minecraft:polished_andesite":5,"minecraft:diamond":21,"evilcraft:broom":6,"magistuarmory:corruptedroundshield":1,"minecraft:golden_apple":7,"minecraft:chainmail_helmet":41,"minecraft:golden_horse_armor":8,"minecraft:emerald":38,"minecraft:bread":190,"alexsmobs:maggot":1,"minecraft:jack_o_lantern":5,"born_in_chaos_v1:rotten_fish":1,"minecraft:netherrack":15,"minecraft:bricks":4,"minecraft:cocoa_beans":11,"minecraft:crafting_table":14,"mutantmonsters:mutant_skeleton_arms":1,"minecraft:chicken":5,"minecraft:gold_block":17,"minecraft:diamond_horse_armor":6,"minecraft:chain":1,"minecraft:iron_axe":8,"minecraft:flint_and_steel":1,"minecraft:cyan_carpet":69,"graveyard:corruption":1,"minecraft:music_disc_otherside":1,"minecraft:beef":1,"minecraft:player_head":34,"minecraft:iron_nugget":3,"minecraft:chest":84,"minecraft:piston":52,"minecraft:spruce_trapdoor":4,"biomesoplenty:hanging_cobweb":23,"minecraft:raw_iron":53,"evilcraft:origins_of_darkness":8,"minecraft:note_block":1,"minecraft:spruce_fence":37,"born_in_chaos_v1:pieceofdarkmetal":5,"minecraft:carrot":3,"minecraft:redstone":36,"minecraft:iron_horse_armor":8,"minecraft:purple_terracotta":1,"minecraft:dark_oak_planks":14,"minecraft:arrow":77,"minecraft:beetroot_seeds":35,"minecraft:hay_block":84,"minecraft:stripped_dark_oak_wood":1,"mutantmonsters:mutant_skeleton_rib":6,"minecraft:totem_of_undying":6,"minecraft:gold_ingot":118,"minecraft:saddle":13,"minecraft:mutton":3,"minecraft:skeleton_skull":4,"minecraft:white_wool":2,"born_in_chaos_v1:corpse_maggot":24,"magistuarmory:rustedhalfarmor_chestplate":2,"minecraft:golden_carrot":31,"born_in_chaos_v1:monster_flesh":2,"minecraft:leather":7,"minecraft:chainmail_chestplate":29,"scalinghealth:bandages":12,"minecraft:gunpowder":130,"minecraft:cobbled_deepslate_stairs":1,"magistuarmory:chainmail_horse_armor":8,"minecraft:cobblestone_stairs":1,"scalinghealth:heart_crystal":21,"mutantmonsters:mutant_skeleton_limb":8,"minecraft:stone_bricks":5,"magistuarmory:steel_flamebladedsword":3,"mowziesmobs:foliaath_seed":3,"minecraft:spruce_wood":1,"minecraft:iron_ingot":74,"minecraft:stone_pickaxe":1,"minecraft:cooked_chicken":6,"minecraft:cobweb":25,"scalinghealth:power_crystal_shard":11,"tombstone:bag_of_seeds":6,"tombstone:scroll_of_frost_resistance":2,"minecraft:iron_sword":2,"travelersbackpack:blank_upgrade":1,"minecraft:book":158,"scalinghealth:heart_crystal_shard":47,"minecraft:emerald_block":13,"minecraft:pumpkin":66,"magistuarmory:rustedchainmail_chestplate":1,"born_in_chaos_v1:ethereal_spirit":2,"minecraft:gravel":4,"orcz:orcamanita":2,"minecraft:spruce_sapling":1,"minecraft:blast_furnace":1,"minecraft:white_bed":2,"minecraft:spruce_log":41,"magistuarmory:rustedchainmail_leggings":5,"minecraft:spider_eye":21,"minecraft:oak_wood":5,"minecraft:pumpkin_seeds":36,"magistuarmory:rustedchainmail_helmet":1,"minecraft:chainmail_leggings":15,"minecraft:iron_helmet":1,"mutantmonsters:mutant_skeleton_boots":1,"tombstone:magic_scroll":6,"minecraft:damaged_anvil":3,"minecraft:melon_seeds":26,"minecraft:dark_oak_wood":6,"minecraft:coal":152,"minecraft:sunflower":3},"minecraft:crafted":{"mutantmonsters:mutant_skeleton_leggings":1,"minecraft:cobblestone_slab":18,"travelersbackpack:crafting_upgrade":1,"minecraft:cooked_chicken":4,"minecraft:cooked_mutton":3,"mutantmonsters:mutant_skeleton_arms":1,"minecraft:glass":61,"minecraft:iron_boots":1,"mutantmonsters:mutant_skeleton_boots":1,"minecraft:chest":3,"mutantmonsters:mutant_skeleton_rib_cage":1,"scalinghealth:power_crystal":1,"minecraft:cooked_porkchop":23,"minecraft:crafting_table":8,"minecraft:spruce_planks":280,"minecraft:iron_helmet":1,"minecraft:wooden_pickaxe":2,"travelersbackpack:standard":1,"minecraft:smithing_table":1,"minecraft:gold_block":20,"biomesoplenty:fir_planks":20,"minecraft:iron_chestplate":1,"minecraft:emerald_block":14,"minecraft:shield":6,"minecraft:stick":128,"minecraft:iron_ingot":44,"minecraft:iron_pickaxe":3,"minecraft:stone_sword":1,"minecraft:iron_block":15,"minecraft:gold_ingot":40,"minecraft:coal":18,"minecraft:iron_nugget":3,"minecraft:furnace":3,"travelersbackpack:blank_upgrade":4,"travelersbackpack:gold_tier_upgrade":1,"minecraft:flint_and_steel":1,"mutantmonsters:mutant_skeleton_chestplate":1,"travelersbackpack:white_sleeping_bag":1,"minecraft:iron_axe":7,"born_in_chaos_v1:fried_maggot":6,"minecraft:iron_hoe":1,"minecraft:stone_pickaxe":1,"minecraft:dark_oak_planks":12,"travelersbackpack:diamond_tier_upgrade":1,"travelersbackpack:spider":1,"minecraft:cooked_beef":1,"travelersbackpack:backpack_tank":4,"minecraft:iron_sword":5,"scalinghealth:heart_crystal":4,"minecraft:bucket":1,"minecraft:stone_axe":1,"minecraft:air":0,"minecraft:white_wool":6,"minecraft:iron_shovel":1,"minecraft:iron_leggings":1,"minecraft:white_bed":1,"minecraft:torch":424},"minecraft:mined":{"minecraft:dark_oak_planks":18,"minecraft:spruce_planks":67,"orcz:orcamanita":2,"minecraft:white_bed":2,"minecraft:cobbled_deepslate_stairs":1,"minecraft:cobblestone_stairs":1,"minecraft:carved_pumpkin":42,"minecraft:grass_block":11,"minecraft:coal_block":71,"minecraft:spawner":5,"minecraft:magma_block":1,"minecraft:iron_ore":53,"minecraft:barrel":31,"biomesoplenty:lavender":1,"minecraft:pumpkin":66,"minecraft:stripped_dark_oak_wood":1,"minecraft:enchanting_table":2,"biomesoplenty:hanging_cobweb":6,"biomesoplenty:webbing":13,"minecraft:iron_bars":2,"minecraft:light_gray_concrete":2,"minecraft:spruce_wood":1,"minecraft:player_head":34,"minecraft:gray_terracotta":2,"minecraft:cyan_terracotta":5,"minecraft:smoker":2,"minecraft:powder_snow":3,"biomesoplenty:hanging_cobweb_strand":12,"minecraft:torch":8,"minecraft:note_block":1,"minecraft:dark_oak_wood":2,"minecraft:blast_furnace":1,"minecraft:melon":148,"minecraft:chest":81,"minecraft:cobblestone":48,"minecraft:damaged_anvil":3,"minecraft:bricks":4,"minecraft:wall_torch":6,"minecraft:skeleton_skull":4,"minecraft:lilac":1,"minecraft:jukebox":1,"biomesoplenty:fir_log":5,"minecraft:grass":88,"biomesoplenty:clover":1,"minecraft:smooth_quartz":100,"minecraft:sand":62,"minecraft:dirt":15,"minecraft:netherrack":20,"minecraft:piston":52,"minecraft:oak_leaves":1,"minecraft:dark_prismarine":1,"minecraft:mossy_cobblestone":1,"minecraft:jack_o_lantern":5,"minecraft:purple_terracotta":1,"minecraft:spruce_fence":36,"travelersbackpack:white_sleeping_bag":3,"minecraft:spruce_leaves":13,"minecraft:large_fern":1,"minecraft:hay_block":82,"minecraft:furnace":21,"biomesoplenty:toadstool":6,"minecraft:andesite":3,"minecraft:bookshelf":26,"biomesoplenty:spider_egg":1,"minecraft:stone":104,"minecraft:redstone_wall_torch":1,"minecraft:podzol":1,"minecraft:crafting_table":14,"minecraft:oak_wood":6,"minecraft:rose_bush":2,"minecraft:stone_slab":2,"minecraft:tall_grass":7,"biomesoplenty:sprout":6,"minecraft:spruce_stairs":1,"minecraft:magenta_terracotta":7,"minecraft:spruce_log":42,"minecraft:coal_ore":84,"evilcraft:blood_stain":1,"minecraft:cyan_carpet":35,"minecraft:sunflower":4,"minecraft:gravel":5,"biomesoplenty:stringy_cobweb":2,"minecraft:cobweb":78,"minecraft:polished_andesite":5,"minecraft:stone_bricks":6,"minecraft:gold_ore":3,"minecraft:chipped_anvil":8,"minecraft:fern":6},"minecraft:used":{"minecraft:iron_shovel":74,"minecraft:chest":67,"minecraft:shield":294,"minecraft:iron_sword":1196,"travelersbackpack:diamond":1,"minecraft:rotten_flesh":4,"minecraft:iron_chestplate":1,"minecraft:lava_bucket":2,"minecraft:bricks":4,"minecraft:spruce_wood":1,"tombstone:tablet_of_cupidity":3,"minecraft:iron_helmet":1,"minecraft:stone_bricks":3,"minecraft:bow":32,"minecraft:furnace":9,"travelersbackpack:spider":2,"minecraft:stone_pickaxe":141,"minecraft:wooden_pickaxe":63,"magistuarmory:steel_flamebladedsword":1,"minecraft:blast_furnace":1,"minecraft:cobbled_deepslate_stairs":1,"biomesoplenty:hanging_cobweb":2,"minecraft:bread":104,"minecraft:cyan_carpet":15,"tombstone:grave_key":9,"minecraft:diamond_sword":398,"minecraft:smithing_table":1,"minecraft:enchanting_table":1,"minecraft:stone_sword":75,"minecraft:spruce_planks":106,"born_in_chaos_v1:fried_maggot":6,"minecraft:cooked_chicken":2,"minecraft:torch":440,"minecraft:dirt":8,"scalinghealth:heart_crystal":25,"minecraft:chainmail_chestplate":1,"minecraft:oak_wood":6,"minecraft:spruce_fence":6,"minecraft:iron_hoe":64,"minecraft:dark_oak_planks":3,"alexsmobs:maggot":1,"minecraft:chipped_anvil":1,"minecraft:iron_axe":787,"minecraft:iron_boots":1,"minecraft:smooth_quartz":70,"evilcraft:box_of_eternal_closure":1,"scalinghealth:power_crystal":1,"evilcraft:flesh_humanoid":1,"tombstone:gift":11,"minecraft:cooked_beef":2,"minecraft:enchanted_golden_apple":1,"minecraft:iron_leggings":2,"minecraft:cooked_mutton":3,"minecraft:water_bucket":57,"minecraft:cobblestone_slab":18,"minecraft:mossy_cobblestone":1,"minecraft:crafting_table":11,"minecraft:white_bed":3,"orcz:orcamanita":1,"minecraft:smoker":2,"tombstone:bag_of_seeds":7,"minecraft:gray_terracotta":2,"minecraft:dark_prismarine":1,"minecraft:sunflower":2,"minecraft:iron_pickaxe":525,"travelersbackpack:white_sleeping_bag":3,"minecraft:stone_axe":67,"minecraft:cobblestone":83,"travelersbackpack:standard":4,"minecraft:cooked_porkchop":3,"minecraft:bucket":61,"alexsmobs:animal_dictionary":1},"minecraft:custom":{"minecraft:interact_with_crafting_table":86,"minecraft:open_barrel":29,"minecraft:leave_game":12,"minecraft:time_since_death":20026,"minecraft:damage_resisted":2605,"minecraft:sprint_one_cm":1336696,"minecraft:damage_blocked_by_shield":13630,"minecraft:drop":25,"minecraft:play_noteblock":3,"minecraft:play_time":562262,"minecraft:deaths":20,"minecraft:jump":7010,"minecraft:walk_on_water_one_cm":25387,"minecraft:enchant_item":1,"minecraft:interact_with_furnace":83,"minecraft:sleep_in_bed":9,"minecraft:damage_dealt":93964,"minecraft:crouch_one_cm":22045,"tombstone:undead_killed":132,"minecraft:interact_with_smoker":16,"minecraft:interact_with_smithing_table":10,"minecraft:interact_with_anvil":13,"minecraft:mob_kills":309,"minecraft:damage_dealt_resisted":15072,"minecraft:climb_one_cm":15412,"minecraft:walk_one_cm":871088,"minecraft:sneak_time":14387,"minecraft:walk_under_water_one_cm":204808,"minecraft:interact_with_blast_furnace":4,"minecraft:total_world_time":562262,"tombstone:raider_killed":44,"minecraft:tune_noteblock":1,"minecraft:time_since_rest":19828,"minecraft:damage_taken":35893,"minecraft:damage_absorbed":80,"minecraft:swim_one_cm":80420,"minecraft:fly_one_cm":1114964,"minecraft:open_chest":1140,"minecraft:fall_one_cm":156243},"minecraft:broken":{"minecraft:iron_boots":1,"minecraft:stone_pickaxe":1,"minecraft:chainmail_chestplate":2,"minecraft:iron_sword":3,"minecraft:chainmail_helmet":1,"minecraft:wooden_pickaxe":1,"minecraft:shield":4,"magistuarmory:rustedchainmail_chestplate":1,"minecraft:iron_axe":2,"minecraft:iron_helmet":1},"minecraft:killed_by":{"minecraft:wither_skeleton":6,"born_in_chaos_v1:nightmare_stalker":1,"minecraft:cave_spider":5,"minecraft:vex":1,"born_in_chaos_v1:restless_spirit":1,"minecraft:spider":2,"minecraft:enderman":1,"minecraft:skeleton":2},"minecraft:killed":{"minecraft:cave_spider":33,"graveyard:skeleton_creeper":3,"minecraft:spider":17,"naturalist:robin":1,"minecraft:skeleton":34,"minecraft:chicken":4,"minecraft:illusioner":8,"minecraft:pig":11,"alexsmobs:grizzly_bear":5,"minecraft:zombie_villager":1,"naturalist:firefly":1,"alexsmobs:seal":1,"mutantmonsters:mutant_skeleton":1,"minecraft:creeper":4,"minecraft:sheep":2,"minecraft:pillager":12,"minecraft:zombie":20,"born_in_chaos_v1:dread_hound":1,"born_in_chaos_v1:corpse_fly":10,"alexsmobs:fly":1,"born_in_chaos_v1:door_knight":4,"minecraft:cow":1,"minecraft:evoker":6,"minecraft:vex":3,"alexsmobs:raccoon":4,"minecraft:vindicator":18,"alexsmobs:sugar_glider":1,"born_in_chaos_v1:maggot":10,"born_in_chaos_v1:corpse_fish":1,"born_in_chaos_v1:fallen_chaos_knight":1,"graveyard:ghoul":3,"naturalist:bluejay":1,"born_in_chaos_v1:baby_skeleton":1,"born_in_chaos_v1:swarmer":1,"born_in_chaos_v1:decrepit_skeleton":2,"born_in_chaos_v1:bloody_gadfly":1,"born_in_chaos_v1:dark_vortex":1,"born_in_chaos_v1:nightmare_stalker":1,"naturalist:canary":2,"minecraft:wither_skeleton":61,"minecraft:enderman":1}},"DataVersion":3120}