{"stats":{"minecraft:broken":{"minecraft:diamond_helmet":1,"minecraft:iron_boots":1,"minecraft:iron_leggings":1,"minecraft:stone_axe":1,"magistuarmory:corruptedroundshield":2,"minecraft:shield":1},"minecraft:custom":{"minecraft:interact_with_crafting_table":37,"minecraft:open_barrel":27,"minecraft:leave_game":4,"minecraft:time_since_death":149491,"minecraft:damage_resisted":25,"minecraft:sprint_one_cm":1832703,"minecraft:damage_blocked_by_shield":8526,"minecraft:drop":117,"minecraft:play_time":446659,"minecraft:deaths":8,"minecraft:jump":7349,"minecraft:walk_on_water_one_cm":104481,"minecraft:interact_with_furnace":16,"minecraft:sleep_in_bed":14,"minecraft:damage_dealt":29918,"minecraft:crouch_one_cm":4226,"tombstone:undead_killed":71,"minecraft:interact_with_smithing_table":4,"minecraft:mob_kills":165,"minecraft:damage_dealt_resisted":6048,"minecraft:climb_one_cm":51766,"minecraft:walk_one_cm":1299152,"minecraft:sneak_time":1350,"minecraft:walk_under_water_one_cm":13844,"minecraft:interact_with_blast_furnace":12,"minecraft:total_world_time":446659,"minecraft:time_since_rest":12679,"minecraft:damage_taken":11946,"minecraft:damage_absorbed":225,"minecraft:trigger_trapped_chest":2,"tombstone:cast_on_ally":0,"minecraft:swim_one_cm":79661,"minecraft:fly_one_cm":1312885,"minecraft:open_chest":215,"minecraft:fall_one_cm":215981},"minecraft:dropped":{"minecraft:nether_brick_stairs":3,"minecraft:porkchop":2,"minecraft:oak_log":4,"minecraft:glass_bottle":5,"magistuarmory:rustedcrusader_chestplate":3,"minecraft:crossbow":1,"minecraft:warped_roots":1,"minecraft:jungle_planks":2,"minecraft:cracked_stone_bricks":1,"born_in_chaos_v1:pieceofdarkmetal":3,"magistuarmory:rustednorman_helmet":1,"travelersbackpack:standard":1,"minecraft:birch_slab":3,"minecraft:dirt":39,"minecraft:red_bed":1,"born_in_chaos_v1:monster_skin":1,"evilcraft:broom":1,"minecraft:mutton":11,"minecraft:jungle_sapling":1,"minecraft:sand":12,"minecraft:phantom_membrane":8,"minecraft:dark_oak_planks":2,"minecraft:bone":19,"minecraft:oak_door":4,"minecraft:stone_axe":2,"minecraft:mangrove_roots":2,"alexsmobs:animal_dictionary":1,"born_in_chaos_v1:ethereal_spirit":3,"minecraft:rotten_flesh":18,"minecraft:oak_planks":14,"minecraft:golden_shovel":2,"minecraft:carrot":1,"minecraft:chainmail_chestplate":1,"minecraft:tipped_arrow":2,"minecraft:gunpowder":1,"born_in_chaos_v1:corpse_maggot":1,"born_in_chaos_v1:diamond_termite_shard":1,"minecraft:iron_bars":3,"minecraft:arrow":2,"minecraft:wheat_seeds":21,"minecraft:golden_helmet":1,"minecraft:iron_helmet":1,"minecraft:cobblestone":4,"orcz:orcagaric":3,"minecraft:granite":1,"minecraft:stick":9,"minecraft:cobweb":1,"born_in_chaos_v1:gnawed_bones":1,"minecraft:diorite":19,"tombstone:grave_key":1,"minecraft:wooden_axe":1,"minecraft:melon_slice":2,"tombstone:grave_dust":1,"minecraft:potion":1,"minecraft:iron_leggings":1,"minecraft:oak_stairs":4,"minecraft:iron_shovel":1,"minecraft:lily_pad":1,"minecraft:bucket":1,"minecraft:music_disc_cat":1,"minecraft:redstone":22,"minecraft:iron_boots":1,"orcz:ironscrap":2,"alexsmobs:bear_fur":1,"minecraft:diamond_sword":1,"minecraft:shield":2,"create:veridium":12,"orcz:orcteeth":7,"minecraft:iron_chestplate":3,"minecraft:diamond_pickaxe":1,"minecraft:purple_bed":1,"minecraft:mossy_stone_bricks":2,"minecraft:oak_sapling":1,"minecraft:stone_bricks":2,"scalinghealth:bandages":1},"minecraft:used":{"magistuarmory:corruptedroundshield":20,"minecraft:moss_carpet":1,"minecraft:iron_shovel":131,"minecraft:ladder":6,"minecraft:shield":167,"minecraft:jungle_planks":53,"minecraft:carrot":22,"neapolitan:small_banana_frond":1,"minecraft:bow":20,"minecraft:mangrove_roots":1,"minecraft:furnace":3,"minecraft:potato":61,"minecraft:oak_planks":1,"minecraft:wooden_pickaxe":8,"born_in_chaos_v1:bottle_of_magical_energy":1,"minecraft:golden_apple":5,"minecraft:dark_oak_trapdoor":1,"minecraft:crossbow":8,"neapolitan:banana_bunch":4,"minecraft:birch_slab":11,"minecraft:melon_slice":123,"minecraft:bread":74,"tombstone:grave_key":4,"minecraft:gravel":2,"minecraft:diamond_sword":824,"minecraft:andesite":1,"minecraft:bone_meal":6,"minecraft:cobweb":6,"minecraft:experience_bottle":1,"minecraft:rose_bush":1,"minecraft:spruce_planks":3,"minecraft:stone_hoe":39,"minecraft:oak_door":1,"minecraft:torch":405,"minecraft:dirt":168,"scalinghealth:heart_crystal":7,"minecraft:diamond_helmet":1,"minecraft:wooden_axe":64,"minecraft:iron_boots":1,"scalinghealth:power_crystal":1,"minecraft:barrel":2,"tombstone:gift":8,"minecraft:cooked_beef":17,"minecraft:wheat_seeds":6,"minecraft:water_bucket":8,"minecraft:birch_planks":49,"minecraft:mossy_cobblestone":4,"minecraft:crafting_table":11,"minecraft:red_bed":3,"minecraft:red_mushroom":2,"minecraft:white_bed":2,"neapolitan:banana":6,"bosses_of_mass_destruction:soul_star":1,"minecraft:diamond_pickaxe":623,"minecraft:mangrove_propagule":4,"neapolitan:banana_frond":1,"minecraft:stone_axe":142,"minecraft:cobblestone":170,"minecraft:potion":6,"travelersbackpack:standard":15,"minecraft:purple_bed":15,"minecraft:bucket":8},"minecraft:picked_up":{"minecraft:iron_chestplate":4,"minecraft:wheat":1,"minecraft:smithing_table":1,"minecraft:diamond_sword":2,"minecraft:oak_stairs":8,"minecraft:potion":1,"minecraft:enchanted_book":1,"minecraft:golden_shovel":3,"tombstone:grave_key":1,"minecraft:music_disc_cat":1,"minecraft:string":17,"minecraft:iron_leggings":2,"neapolitan:banana_bunch":4,"minecraft:cobbled_deepslate":23,"minecraft:gold_nugget":9,"bosses_of_mass_destruction:soul_star":1,"minecraft:bucket":2,"minecraft:rose_bush":1,"minecraft:melon_slice":161,"minecraft:furnace":3,"minecraft:iron_boots":1,"minecraft:tipped_arrow":2,"minecraft:stick":13,"minecraft:torch":50,"minecraft:porkchop":2,"tombstone:grave_dust":4,"minecraft:diorite":20,"magistuarmory:rustedcrusader_chestplate":4,"minecraft:rotten_flesh":39,"create:veridium":12,"minecraft:glowstone":7,"minecraft:mangrove_roots":4,"minecraft:iron_bars":17,"minecraft:cobblestone":201,"biomesoplenty:lavender":19,"minecraft:birch_log":20,"orcz:orcteeth":7,"minecraft:jungle_log":11,"minecraft:birch_slab":6,"minecraft:andesite":1,"minecraft:potato":36,"alexsmobs:bear_fur":1,"minecraft:tuff":4,"minecraft:lapis_lazuli":107,"minecraft:dirt":238,"born_in_chaos_v1:monster_skin":2,"minecraft:bone":35,"minecraft:bow":1,"minecraft:wheat_seeds":36,"minecraft:raw_gold":6,"minecraft:mossy_stone_bricks":7,"minecraft:diamond_helmet":1,"minecraft:bamboo":8,"minecraft:oak_planks":16,"orcz:orcagaric":3,"minecraft:jungle_planks":5,"minecraft:sand":24,"minecraft:nether_brick_stairs":6,"magistuarmory:rustedgreathelm":1,"minecraft:dark_oak_log":8,"minecraft:mossy_cobblestone":4,"minecraft:bundle":1,"minecraft:diamond":7,"evilcraft:broom":2,"magistuarmory:corruptedroundshield":2,"minecraft:crossbow":1,"minecraft:granite":1,"minecraft:emerald":2,"minecraft:bread":64,"orcz:ironscrap":2,"minecraft:oak_sapling":3,"minecraft:diamond_pickaxe":1,"minecraft:crafting_table":8,"born_in_chaos_v1:diamond_termite_shard":2,"minecraft:ladder":3,"born_in_chaos_v1:seedof_chaos":1,"minecraft:gold_block":1,"minecraft:shield":1,"ancient_elements:music_disc_luminous":1,"minecraft:red_bed":4,"minecraft:moss_carpet":1,"neapolitan:banana_frond":1,"minecraft:iron_shovel":1,"minecraft:cracked_stone_bricks":3,"minecraft:beef":3,"born_in_chaos_v1:gnawed_bones":1,"minecraft:jungle_sapling":2,"minecraft:iron_nugget":18,"minecraft:poppy":1,"minecraft:sugar_cane":20,"minecraft:phantom_membrane":11,"minecraft:egg":1,"minecraft:raw_iron":60,"minecraft:oak_door":4,"neapolitan:small_banana_frond":1,"born_in_chaos_v1:pieceofdarkmetal":3,"minecraft:carrot":13,"minecraft:redstone":44,"minecraft:dark_oak_planks":2,"minecraft:arrow":35,"minecraft:nether_bricks":3,"minecraft:gold_ingot":1,"minecraft:mutton":11,"minecraft:white_wool":7,"born_in_chaos_v1:corpse_maggot":4,"born_in_chaos_v1:monster_flesh":1,"minecraft:leather":7,"minecraft:red_mushroom":6,"minecraft:birch_planks":10,"minecraft:lily_pad":2,"minecraft:oak_log":28,"minecraft:chainmail_chestplate":2,"scalinghealth:bandages":2,"minecraft:gunpowder":1,"scalinghealth:heart_crystal":7,"tombstone:gift":2,"minecraft:apple":2,"minecraft:stone_bricks":6,"minecraft:iron_ingot":15,"minecraft:cobweb":2,"scalinghealth:power_crystal_shard":13,"minecraft:glass_bottle":2,"scalinghealth:heart_crystal_shard":1,"minecraft:pumpkin":6,"minecraft:chiseled_stone_bricks":1,"born_in_chaos_v1:ethereal_spirit":6,"minecraft:dandelion":1,"minecraft:gravel":3,"magistuarmory:rustednorman_helmet":2,"minecraft:white_bed":1,"minecraft:spruce_log":10,"minecraft:spider_eye":1,"travelersbackpack:standard":7,"minecraft:purple_bed":16,"minecraft:stone_axe":3,"evilcraft:dark_gem":37,"minecraft:diamond_axe":1,"minecraft:warped_roots":1,"tombstone:magic_scroll":1,"minecraft:mangrove_propagule":4,"minecraft:coal":73,"minecraft:ender_pearl":2},"minecraft:crafted":{"minecraft:oak_planks":76,"minecraft:barrel":2,"minecraft:birch_slab":12,"minecraft:glass":12,"minecraft:iron_boots":1,"minecraft:chest":1,"minecraft:stone_hoe":1,"scalinghealth:power_crystal":1,"minecraft:crafting_table":3,"minecraft:spruce_planks":40,"minecraft:wooden_pickaxe":1,"travelersbackpack:standard":2,"minecraft:birch_planks":80,"minecraft:diamond_pickaxe":1,"minecraft:purple_dye":19,"minecraft:shield":3,"minecraft:stick":108,"minecraft:iron_ingot":59,"minecraft:gold_ingot":15,"minecraft:oak_door":3,"minecraft:leather_boots":1,"minecraft:furnace":2,"minecraft:dark_oak_trapdoor":4,"minecraft:bone_meal":21,"travelersbackpack:white_sleeping_bag":1,"minecraft:ladder":3,"minecraft:stone_pickaxe":1,"minecraft:dark_oak_planks":32,"travelersbackpack:backpack_tank":2,"minecraft:bucket":1,"minecraft:stone_axe":1,"minecraft:air":0,"minecraft:jungle_planks":40,"minecraft:white_wool":3,"minecraft:wooden_axe":2,"minecraft:white_bed":1,"minecraft:torch":308},"minecraft:killed":{"minecraft:cave_spider":13,"born_in_chaos_v1:restless_spirit":2,"born_in_chaos_v1:zombie_lumberjack":2,"born_in_chaos_v1:door_knight_not_despawn":1,"minecraft:spider":7,"minecraft:skeleton":19,"alexsmobs:leafcutter_ant":1,"born_in_chaos_v1:skeleton_thrasher":1,"minecraft:silverfish":9,"born_in_chaos_v1:bonescaller":1,"minecraft:pig":2,"minecraft:zombie_villager":2,"born_in_chaos_v1:diamond_termite":2,"minecraft:creeper":3,"minecraft:sheep":7,"minecraft:zombie":27,"born_in_chaos_v1:dread_hound":3,"born_in_chaos_v1:corpse_fly":4,"orcz:bigorcboss":1,"minecraft:stray":2,"born_in_chaos_v1:door_knight":3,"orcz:orcsavage_2sword":1,"orcz:snot":3,"orcz:orcshield":1,"minecraft:cow":7,"born_in_chaos_v1:zombie_bruiser":1,"born_in_chaos_v1:maggot":11,"orcz:orcsavagemace":1,"goblintraders:goblin_trader":2,"born_in_chaos_v1:fallen_chaos_knight":1,"graveyard:ghoul":1,"born_in_chaos_v1:baby_skeleton":1,"born_in_chaos_v1:decrepit_skeleton":5,"royalvariations:royal_zombie":2,"minecraft:wither_skeleton":2,"minecraft:enderman":3},"minecraft:mined":{"minecraft:white_bed":2,"alexsmobs:leafcutter_anthill":1,"minecraft:jungle_leaves":8,"minecraft:granite":2,"minecraft:grass_block":88,"minecraft:jungle_log":11,"minecraft:spawner":54,"biomesoplenty:tall_lavender":1,"minecraft:iron_ore":64,"minecraft:fire":1,"biomesoplenty:lavender":26,"minecraft:pumpkin":12,"minecraft:deepslate_lapis_ore":8,"minecraft:nether_brick_stairs":8,"biomesoplenty:hanging_cobweb":1,"minecraft:oak_stairs":4,"scalinghealth:deepslate_power_crystal_ore":2,"minecraft:iron_bars":29,"biomesoplenty:webbing":1,"minecraft:jungle_pressure_plate":1,"minecraft:azalea":1,"create:veridium":6,"minecraft:tripwire":1,"minecraft:red_bed":3,"minecraft:powder_snow":5,"minecraft:torch":5,"minecraft:poppy":1,"minecraft:melon":32,"minecraft:nether_brick_slab":1,"minecraft:mushroom_stem":7,"minecraft:cobblestone":16,"minecraft:sugar_cane":9,"minecraft:oak_planks":1,"minecraft:wall_torch":5,"minecraft:seagrass":3,"minecraft:nether_wart_block":1,"neapolitan:small_banana_frond":1,"minecraft:birch_log":20,"minecraft:grass":166,"biomesoplenty:clover":38,"minecraft:oak_log":32,"minecraft:sand":10,"minecraft:dirt":57,"minecraft:red_mushroom_block":16,"minecraft:dispenser":2,"minecraft:oak_leaves":35,"minecraft:deepslate":23,"minecraft:tuff":5,"biomesoplenty:watergrass":49,"minecraft:mossy_cobblestone":8,"minecraft:dark_oak_log":8,"minecraft:mangrove_roots":2,"born_in_chaos_v1:infected_diamond_ore":2,"minecraft:ladder":3,"minecraft:nether_bricks":6,"biomesoplenty:bush":1,"minecraft:jungle_planks":2,"minecraft:birch_slab":4,"minecraft:spruce_leaves":6,"minecraft:mangrove_propagule":1,"minecraft:redstone_ore":5,"neapolitan:banana_bundle":1,"minecraft:furnace":2,"minecraft:andesite":1,"evilcraft:dark_ore":8,"minecraft:gold_block":1,"minecraft:bookshelf":1,"minecraft:deepslate_iron_ore":3,"neapolitan:banana_frond":1,"minecraft:vine":65,"minecraft:bamboo":1,"biomesoplenty:spider_egg":1,"minecraft:stone":180,"scalinghealth:heart_crystal_ore":1,"minecraft:smithing_table":1,"minecraft:podzol":9,"minecraft:dandelion":1,"travelersbackpack:standard":6,"minecraft:crafting_table":8,"minecraft:emerald_ore":2,"minecraft:rose_bush":2,"minecraft:tall_grass":20,"minecraft:deepslate_gold_ore":2,"biomesoplenty:sprout":4,"biomesoplenty:huge_clover_petal":19,"minecraft:lapis_ore":10,"minecraft:lily_pad":1,"minecraft:diorite":47,"minecraft:birch_planks":10,"minecraft:purple_bed":15,"minecraft:coarse_dirt":1,"minecraft:spruce_log":10,"minecraft:mangrove_leaves":1,"minecraft:coal_ore":47,"minecraft:gravel":9,"minecraft:cobweb":6,"minecraft:cracked_stone_bricks":3,"minecraft:stone_bricks":6,"minecraft:small_dripleaf":1,"minecraft:mossy_stone_bricks":5,"minecraft:gold_ore":4,"minecraft:fern":22},"minecraft:killed_by":{"born_in_chaos_v1:nightmare_stalker":1,"minecraft:wither_skeleton":1,"minecraft:creeper":2,"minecraft:cave_spider":1,"minecraft:zombie":1,"minecraft:spider":1,"mutantmonsters:mutant_skeleton":1}},"DataVersion":3120}