{"stats":{"minecraft:used":{"minecraft:shield":43,"born_in_chaos_v1:black_argillite":1,"travelersbackpack:diamond":1,"minecraft:torch":31,"minecraft:dirt":1,"scalinghealth:heart_crystal":6,"minecraft:spruce_stairs":1,"minecraft:diamond_helmet":1,"minecraft:tuff":2,"minecraft:dark_oak_planks":1,"minecraft:spruce_wood":1,"minecraft:golden_carrot":3,"minecraft:dark_oak_boat":2,"minecraft:furnace":3,"tombstone:gift":5,"minecraft:cobbled_deepslate":1,"minecraft:water_bucket":9,"minecraft:redstone_block":5,"minecraft:stone_pickaxe":20,"minecraft:wooden_pickaxe":10,"minecraft:birch_boat":1,"minecraft:diamond_axe":64,"minecraft:golden_apple":3,"minecraft:crafting_table":12,"minecraft:dripstone_block":4,"tombstone:bag_of_seeds":1,"minecraft:diamond_pickaxe":366,"minecraft:string":1,"tombstone:grave_key":5,"minecraft:stone_axe":41,"minecraft:diamond_sword":385,"minecraft:cobblestone":49,"minecraft:cooked_porkchop":17,"minecraft:bucket":14,"travelersbackpack:cyan_sleeping_bag":1,"minecraft:cobweb":4},"minecraft:custom":{"minecraft:mob_kills":86,"minecraft:interact_with_crafting_table":40,"minecraft:open_barrel":28,"minecraft:damage_dealt_resisted":2226,"minecraft:leave_game":3,"minecraft:time_since_death":123021,"minecraft:climb_one_cm":3068,"minecraft:sprint_one_cm":262753,"minecraft:walk_one_cm":376621,"minecraft:damage_blocked_by_shield":1887,"minecraft:drop":74,"minecraft:play_time":140462,"minecraft:sneak_time":5651,"minecraft:deaths":3,"minecraft:walk_under_water_one_cm":16279,"minecraft:boat_one_cm":422606,"minecraft:jump":1183,"minecraft:interact_with_blast_furnace":1,"minecraft:walk_on_water_one_cm":19065,"minecraft:total_world_time":140462,"minecraft:interact_with_furnace":14,"tombstone:raider_killed":18,"minecraft:sleep_in_bed":2,"minecraft:time_since_rest":640,"minecraft:damage_taken":4093,"minecraft:damage_absorbed":118,"minecraft:damage_dealt":20387,"minecraft:swim_one_cm":12149,"minecraft:fly_one_cm":118097,"minecraft:open_chest":22,"minecraft:crouch_one_cm":12346,"tombstone:undead_killed":40,"minecraft:fall_one_cm":31599},"minecraft:mined":{"minecraft:dark_oak_planks":6,"create:zinc_ore":18,"minecraft:dark_prismarine":13,"scalinghealth:power_crystal_ore":1,"minecraft:spruce_planks":35,"ancient_elements:lead_ore":11,"minecraft:mossy_cobblestone":1,"minecraft:granite":1,"minecraft:spruce_fence":1,"minecraft:spawner":5,"minecraft:furnace":3,"minecraft:iron_ore":23,"minecraft:fire":6,"minecraft:andesite":2,"orcz:orcshroom":1,"minecraft:deepslate_brick_stairs":1,"minecraft:spruce_wood":41,"minecraft:stone":56,"minecraft:white_wool":1,"minecraft:tripwire":1,"minecraft:redstone_block":10,"minecraft:polished_deepslate_stairs":1,"minecraft:crafting_table":12,"minecraft:rose_bush":1,"minecraft:copper_ore":178,"minecraft:tall_grass":1,"minecraft:cobblestone":4,"minecraft:spruce_stairs":2,"minecraft:cyan_wool":8,"travelersbackpack:cyan_sleeping_bag":1,"minecraft:birch_log":3,"minecraft:grass":12,"minecraft:coal_ore":46,"evilcraft:blood_stain":1,"minecraft:sand":14,"minecraft:smooth_quartz":6,"minecraft:dripstone_block":1,"minecraft:dirt":1,"minecraft:cobweb":3,"minecraft:stone_bricks":7,"minecraft:redstone_lamp":5},"minecraft:crafted":{"minecraft:redstone":9,"minecraft:dark_oak_boat":1,"minecraft:birch_boat":1,"ancient_elements:steel_ingot":5,"minecraft:furnace":2,"minecraft:bone_meal":78,"travelersbackpack:diamond":1,"minecraft:raw_copper_block":65,"minecraft:glass":12,"minecraft:diamond":54,"minecraft:diamond_helmet":1,"minecraft:stone_pickaxe":1,"minecraft:chest":1,"minecraft:redstone_block":3,"minecraft:dark_oak_planks":16,"minecraft:diamond_sword":1,"minecraft:diamond_axe":1,"minecraft:crafting_table":1,"minecraft:spruce_planks":44,"travelersbackpack:backpack_tank":2,"travelersbackpack:standard":1,"minecraft:wooden_pickaxe":1,"minecraft:bucket":1,"minecraft:birch_planks":12,"minecraft:stone_axe":1,"minecraft:air":0,"travelersbackpack:cyan_sleeping_bag":1,"minecraft:white_wool":1,"ancient_elements:lead_drill":1,"minecraft:diamond_pickaxe":1,"minecraft:shield":1,"ancient_elements:lead_ingot":5,"minecraft:stick":24,"minecraft:gold_ingot":9,"ancient_elements:steel_drill":1,"minecraft:acacia_planks":4,"minecraft:torch":48},"minecraft:killed_by":{"graveyard:ghoul":1,"minecraft:cave_spider":2},"minecraft:killed":{"minecraft:cave_spider":2,"minecraft:witch":2,"born_in_chaos_v1:zombie_lumberjack":3,"born_in_chaos_v1:siamese_skeletonsright":1,"born_in_chaos_v1:baby_skeleton_minion":1,"born_in_chaos_v1:maggot":7,"minecraft:skeleton":9,"born_in_chaos_v1:skeleton_thrasher":1,"alexsmobs:bison":1,"born_in_chaos_v1:corpse_fish":4,"minecraft:drowned":1,"goblintraders:goblin_trader":1,"born_in_chaos_v1:barrel_zombie":1,"born_in_chaos_v1:bonescaller":1,"alexsmobs:grizzly_bear":1,"naturalist:bluejay":1,"born_in_chaos_v1:baby_skeleton":2,"takesapillage:skirmisher":6,"minecraft:ravager":2,"minecraft:creeper":1,"born_in_chaos_v1:decrepit_skeleton":2,"orcz:orcsavage_2swordiron":1,"royalvariations:royal_zombie":1,"minecraft:pillager":5,"minecraft:zombie":16,"born_in_chaos_v1:dread_hound":2,"born_in_chaos_v1:corpse_fly":1,"takesapillage:archer":3,"born_in_chaos_v1:siamese_skeletonsleft":1},"minecraft:picked_up":{"minecraft:crafting_table":12,"minecraft:redstone_block":10,"born_in_chaos_v1:seedof_chaos":4,"minecraft:redstone_lamp":5,"minecraft:diamond_sword":1,"minecraft:potion":2,"born_in_chaos_v1:black_argillite":1,"minecraft:string":7,"minecraft:raw_copper":591,"minecraft:iron_axe":1,"takesapillage:ravager_horn":2,"minecraft:cobbled_deepslate":5,"minecraft:spruce_planks":35,"minecraft:beef":7,"born_in_chaos_v1:gnawed_bones":1,"minecraft:cyan_wool":8,"minecraft:smooth_quartz":6,"minecraft:furnace":3,"minecraft:raw_iron":87,"ancient_elements:raw_steel":30,"born_in_chaos_v1:shattered_skull":3,"orcz:orcskull":1,"minecraft:polished_deepslate_stairs":1,"minecraft:torch":1,"minecraft:acacia_log":3,"minecraft:spruce_stairs":1,"minecraft:spruce_fence":1,"ancient_elements:raw_tin":34,"tombstone:grave_dust":9,"born_in_chaos_v1:pieceofdarkmetal":1,"minecraft:carrot":1,"minecraft:redstone":24,"minecraft:dark_oak_planks":5,"minecraft:arrow":19,"minecraft:rotten_flesh":22,"minecraft:iron_block":64,"minecraft:cobblestone":108,"born_in_chaos_v1:fused_bone":2,"minecraft:birch_log":3,"travelersbackpack:cyan_sleeping_bag":1,"born_in_chaos_v1:corpse_maggot":13,"minecraft:feather":1,"born_in_chaos_v1:monster_flesh":1,"minecraft:andesite":264,"minecraft:dark_oak_boat":1,"minecraft:potato":3,"alexsmobs:bear_fur":2,"ancient_elements:raw_lead":20,"minecraft:tuff":2,"create:raw_zinc":57,"scalinghealth:bandages":2,"magistuarmory:chainmail_horse_armor":1,"minecraft:gunpowder":7,"scalinghealth:heart_crystal":6,"minecraft:lapis_lazuli":38,"minecraft:dirt":1,"born_in_chaos_v1:monster_skin":1,"minecraft:bone":18,"minecraft:apple":2,"minecraft:bow":4,"minecraft:wheat_seeds":1,"minecraft:raw_gold":12,"minecraft:spruce_wood":41,"minecraft:iron_ingot":4,"scalinghealth:power_crystal_shard":1,"tombstone:bag_of_seeds":1,"minecraft:dripstone_block":9,"minecraft:sand":14,"minecraft:dark_oak_log":4,"minecraft:spider_eye":3,"minecraft:dark_prismarine":11,"minecraft:bundle":2,"evilcraft:dark_gem":16,"minecraft:granite":4,"minecraft:bone_meal":2,"scalinghealth:cursed_heart":1,"minecraft:emerald":14,"orcz:ironscrap":3,"tombstone:magic_scroll":2,"born_in_chaos_v1:rotten_fish":1,"minecraft:coal":133},"minecraft:dropped":{"born_in_chaos_v1:shattered_skull":2,"minecraft:lapis_lazuli":19,"orcz:orcskull":1,"minecraft:dripstone_block":5,"minecraft:feather":1,"minecraft:granite":4,"minecraft:acacia_log":2,"minecraft:coal":18,"minecraft:emerald":7,"minecraft:stick":1,"born_in_chaos_v1:monster_flesh":1,"minecraft:raw_copper_block":1,"tombstone:magic_scroll":1,"born_in_chaos_v1:monster_skin":1,"tombstone:grave_dust":2,"minecraft:potion":1,"minecraft:bone_meal":2,"minecraft:sand":2,"minecraft:dark_oak_planks":1,"minecraft:furnace":1,"minecraft:cobbled_deepslate":4,"minecraft:cocoa_beans":2,"minecraft:raw_copper":6,"born_in_chaos_v1:rotten_fish":1,"minecraft:rotten_flesh":18,"scalinghealth:power_crystal_shard":1,"ancient_elements:raw_tin":17,"magistuarmory:chainmail_horse_armor":2,"minecraft:diamond_sword":1,"born_in_chaos_v1:seedof_chaos":2,"minecraft:gunpowder":5,"minecraft:bundle":1,"minecraft:andesite":6,"minecraft:beetroot_seeds":3,"minecraft:melon_seeds":1,"born_in_chaos_v1:corpse_maggot":13,"minecraft:spider_eye":3,"minecraft:arrow":15,"minecraft:bow":4}},"DataVersion":3120}